Manos libres 1hora inalambricos AUT203,2,1,400,0,0,0,10,3,0,5,0,0,0
Manos libres 1hora inalambricos AUT120,2,1,400,0,0,0,0,7,0,11,3,0,0
Manos libres 1hora inalambricos AUT114,2,1,350,0,0,0,60,9,5,3,0,0,0
Manos libres 1hora inalambricos AUT201,2,1,300,0,0,0,16,3,5,4,6,0,0
Manos libres 1hora inalambricos AUT119,2,1,300,0,0,0,8,3,5,10,4,0,0
Manos libres 1hora alambricos AUT117,2,1,100,0,0,0,65,8,7,13,9,0,0
Manos libres 1hora alambricos AUT122,2,1,150,0,0,0,85,8,9,13,8,0,0
Manos libres 1hora alambricos AUT123,2,1,120,0,0,0,65,5,6,8,0,0,0
Manos libres 1hora alambricos AUT111,2,1,130,0,0,0,0,10,5,11,0,0,0
Manos libres alambricos iPhone ,2,6,220,0,0,0,0,0,0,0,0,0,0
Manos libres inalambricos MJ6699,2,6,200,0,0,0,0,0,0,5,3,0,0
Manos libres inalambricos Sports,2,6,90,0,0,0,38,0,12,7,9,0,0
Manos libres inalambricos Moreka ST51,2,6,250,0,0,0,0,0,1,0,0,0,0
Manos libres alambricos Moreka M501,2,6,90,0,0,0,60,9,5,0,3,0,0
Manos libres alambricos Oneeka ONE003,2,6,70,0,0,0,65,12,18,0,2,0,0
Manos libres alambricos KCOM  ,2,6,100,0,0,0,0,0,0,1,7,0,0
Manos libres alambricos GEEK1,2,6,120,0,0,0,0,9,5,3,6,0,0
Manos libres alambricos Pure music U4,2,6,130,0,0,0,18,9,7,5,7,0,0
Manos libres alambricos Stereo U3,2,6,120,0,0,0,0,2,3,8,0,0,0
Cargador Apple Watch,2,6,300,0,0,0,0,0,0,2,0,0,0
Cargador inalambrico 1Hora GAR151,2,1,250,0,0,0,0,6,4,3,3,0,0
Plug in 1Hora GAR128,2,1,70,0,0,0,100,6,8,6,7,0,0
Plug in 1Hora GAR111,2,1,100,0,0,0,66,5,10,7,6,0,0
Plug in 1Hora Tipo C GAR156,2,1,200,0,0,0,0,2,2,4,0,0,0
Cargador moreka 3 en 1 A002,2,6,150,0,0,0,0,4,1,7,5,0,0
Plug in moreka R3003,2,6,100,0,0,0,7,0,0,2,0,0,0
Plug in Oneeka N006,2,6,120,0,0,0,0,1,0,1,10,0,0
Multicargador LED,2,6,50,0,0,0,7,1,0,4,3,0,0
Multicargador LCD,2,6,70,0,0,0,7,3,0,2,2,0,0
Cubo 1hora GAR107,2,1,80,0,0,0,20,11,3,13,2,0,0
Cubo Moreka P001 tipo C,2,6,200,0,0,0,0,0,0,1,0,0,0
Cargador Moreka tipo C MR1426 2.4A,2,6,200,0,0,0,0,0,0,4,0,0,0
Cargador 1Hora V8 GAR160 sin cable,2,1,100,0,0,0,0,0,0,8,0,0,0
Cargador KCOM V3,2,6,50,0,0,0,0,1,0,0,0,0,0
Cargador KCOM Samsung E746,2,6,50,0,0,0,0,1,0,0,0,0,0
Cargador KCOM tipo C Qy130,2,6,200,0,0,0,2,5,2,4,8,0,0
Cargador elux tipo C 3A,2,6,100,0,0,0,0,10,1,4,8,0,0
Cargador elux tipo C 2A,2,6,80,0,0,0,0,0,2,0,0,0,0
Cargador 1Hora tipo C 2.4A GAR142,2,1,200,0,0,0,20,6,4,10,0,0,0
Cargador 1Hora tipo C 2.1A GAR115,2,1,160,0,0,0,50,5,7,4,2,0,0
Cargador 1Hora tipo C 2.4A GAR124,2,1,200,0,0,0,0,0,0,6,0,0,0
Cargador 1Hora V8 2.4A GAR124,2,1,180,0,0,0,0,9,7,6,8,0,0
Cargador 1Hora V8 2A GAR064,2,1,100,0,0,0,140,7,10,13,0,0,0
Cargador 1Hora iPhone 2A GAR088,2,1,160,0,0,0,0,0,0,0,0,0,0
Cargador 1Hora iPhone 2.4A GAR143,2,1,200,0,0,0,10,8,12,11,4,0,0
Cable iPhone 2m,2,6,150,0,0,0,0,0,0,10,0,0,0
Cargador 1Hora tipo C a C con cable GAR147,2,1,250,0,0,0,20,2,5,10,4,0,0
Cargador 1Hora tipo C a C sin cable  GAR147,2,1,200,0,0,0,0,0,0,0,0,0,0
Cargador 1Hora tipo C a iPhone con cable GAR155,2,1,300,0,0,0,20,2,1,6,5,0,0
Cargador 1Hora tipo C a iPhone sin cable GAR155,2,1,200,0,0,0,0,4,0,0,0,0,0
Cargador Oneeka tipo C 4.1A N002,2,6,200,0,0,0,0,3,2,5,0,0,0
Cargador Oneeka tipo C 5.1A N040,2,6,250,0,0,0,7,2,0,6,0,0,0
Cargador KCOM Iphone 5g y 6g ,2,6,100,0,0,0,0,5,5,6,6,0,0
Cargador KCOM Nokia 6101,2,6,60,0,0,0,0,0,5,2,7,0,0
Cargador 1Hora iPhone 2.1A GAR114,2,1,160,0,0,0,4,8,15,16,4,0,0
Cargador Kcom iphone 3g y 4g,2,6,60,0,0,0,0,0,1,3,5,0,0
Cargador Moreka v8 4.1a M261,2,6,180,0,0,0,0,2,5,4,0,0,0
Cargador 1Hora doble v8 2.4A GAR160,2,1,200,0,0,0,48,4,10,6,4,0,0
Cargador 1Hora v8 2.1A GAR113,2,1,130,0,0,0,70,13,3,5,0,0,0
Cable 1Hora tipo C 5A CAB268,2,1,120,0,0,0,150,10,10,1,10,0,0
Cable 1Hora magnetico 3 puntas CAB253,2,1,120,0,0,0,36,10,7,11,8,0,0
Cable 1Hora iPhone 2.1A CAB238,2,1,120,0,0,0,150,8,11,12,5,0,0
Cable 1Hora V8 2.4A CAB248,2,1,100,0,0,0,55,10,0,7,10,0,0
Cable 1Hora tipo C 3A CAB251,2,1,100,0,0,0,95,6,11,11,4,0,0
Cable 1Hora tipo C 2.1A 2M CAB246,2,1,150,0,0,0,48,8,6,7,0,0,0
Cable 1Hora iPhone reforzado 2.0A CAB075B,2,1,100,0,0,0,59,8,11,11,1,0,0
Cable 1Hora tipo C reforzado 2.0A CAB150,2,1,80,0,0,0,18,7,13,9,0,0,0
Cable 1Hora V8 reforzado 2.0A CAB031B ,2,1,80,0,0,0,0,3,5,8,8,0,0
Cable 1Hora tipo C metalico 2.4A CAB221,2,1,120,0,0,0,12,0,0,11,3,0,0
Cable Ridgeway V8 WIR2807A,2,6,80,0,0,0,0,0,3,4,4,0,0
Cable KCOM iPhone 3 y 4g,2,6,60,0,0,0,0,2,4,6,2,0,0
Cable KCOM V3 ,2,6,60,0,0,0,0,5,0,0,15,0,0
Cable 1Hora tipo C a iPhone,2,1,120,0,0,0,0,0,0,4,0,0,0
Cable 1Hora tipo C a tipo C,2,1,120,0,0,0,449,6,4,0,0,0,0
Cable 1Hora V8 CAB242 B,2,1,50,0,0,0,529,5,8,37,0,0,0
Cable 1Hora V8 CAB242 N,2,1,50,0,0,0,350,10,9,46,25,0,0
Cable 1hora tipo C CAB244 N,2,1,60,0,0,0,451,22,27,0,23,0,0
Cable 1hora tipo C CAB244 B,2,1,60,0,0,0,400,3,0,24,10,0,0
Cable 1Hora iPhone CAB243,2,1,60,0,0,0,449,20,17,12,5,0,0
Adaptador de audio tipo C a 3.5mm samsung,2,6,180,0,0,0,0,1,1,1,0,0,0
Adaptador de audio tipo C a 3.5mm economico,2,6,70,0,0,0,0,0,4,1,2,0,0
Cable tipo C a iPhone A1703,2,6,150,0,0,0,0,2,0,1,0,0,0
Convertidor de corriente Europeo,2,6,50,0,0,0,20,1,0,12,3,0,0
Auxiliar bluetooth BTX6,2,6,100,0,0,0,5,5,5,7,5,0,0
Auxiliar bluetooth STELAU PJ068,2,6,100,0,0,0,0,0,3,7,0,0,0
Cable V3 eco ,2,6,35,0,0,0,0,2,1,0,0,0,0
Lector micro SD,2,6,40,0,0,0,14,14,4,6,0,0,0
Adaptador otg tipo C,2,6,70,0,0,0,26,13,6,11,7,0,0
Adaptador otg V8 ,2,6,50,0,0,0,0,3,2,21,2,0,0
Cable auxiliar economico,2,6,30,0,0,0,55,0,5,19,10,0,0
Cable auxiliar reforzado,2,6,40,0,0,0,0,0,3,12,0,0,0
Cable auxiliar Moreka AU02,2,6,60,0,0,0,46,9,9,8,9,0,0
Extension usb,2,6,30,0,0,0,0,2,3,9,3,0,0
Cable usb con V3 y 3.5mm,2,6,20,0,0,0,50,9,0,14,0,0,0
Memoria micro sd ADATA 16GB ,2,5,100,0,0,0,23,6,0,6,1,5,0
Memoria micro sd ADATA 32GB ,2,5,130,0,0,0,29,4,0,4,4,0,0
Memoria micro sd ADATA 64GB ,2,5,180,0,0,0,20,0,3,3,0,0,0
Memoria micro sd KINGSTON 128GB ,2,4,300,0,0,0,0,1,0,2,1,0,0
Memoria micro sd KINGSTON 256GB ,2,4,530,0,0,0,0,0,0,1,0,0,0
Memoria usb KINGSTON 256GB ,1,4,530,0,0,0,0,0,0,1,0,0,0
Memoria usb ADATA 64GB ,1,5,180,0,0,0,4,2,2,3,2,0,0
Memoria MICRO SD KINGSTON 32GB ,2,4,130,0,0,0,0,1,1,0,0,0,0
Memoria usb KINGSTON 32GB ,1,4,130,0,0,0,4,1,1,2,0,0,0
Memoria usb KINGSTON 64GB ,1,4,180,0,0,0,1,1,2,3,0,0,0
Memoria usb ADATA 16GB ,1,5,100,0,0,0,37,3,3,12,1,0,0
Memoria usb ADATA 32GB ,1,5,130,0,0,0,12,3,2,8,1,0,0
Memoria usb ADATA 128GB ,1,5,300,0,0,0,1,0,1,2,0,0,0
Memoria usb 32gb verbatim,1,6,130,0,0,0,0,0,1,0,0,0,0
Memoria usb STYLOS 16GB ,1,3,100,0,0,0,7,0,0,2,0,0,0
Mouse inalambrico Acteck MI240,1,2,120,0,0,0,0,0,0,2,3,0,0
Mouse inalambrico Acteck MI440,1,2,250,0,0,0,0,1,1,2,1,0,0
Mouse alambrico JITE VCJ324,1,6,180,0,0,0,0,0,0,1,0,0,0
Mouse alambrico ACTECK MA210,1,2,100,0,0,0,0,2,2,1,0,0,0
Mouse alambrico ACTECK AC928830,1,2,100,0,0,0,0,0,0,0,0,0,0
Mouse alambrico ACTECK ENTRY 110,1,2,120,0,0,0,0,0,0,1,0,0,0
Mouse alambrico ACTECK MA220,1,2,200,0,0,0,0,1,1,2,0,0,0
Mouse alambrico Verbatim ,1,6,150,0,0,0,0,0,0,1,2,0,0
Mouse WISEH W103V,1,6,150,0,0,0,0,0,0,1,0,0,0
Mouse pad 1Hora PJ091,1,1,90,0,0,0,0,5,1,0,2,0,0
Cable para impresora,1,6,80,0,0,0,0,0,0,3,0,0,0
Cable HDMI 1M,1,6,50,0,0,0,0,3,3,11,0,0,0
Cable HDMI 1.5M,1,6,70,0,0,0,0,2,2,4,8,0,0
Cable HDMI 3M,1,6,100,0,0,0,0,1,1,2,1,0,0
Cable HDMI 5M,1,6,130,0,0,0,0,1,1,2,1,0,0
Cable bifasico,1,6,60,0,0,0,0,1,0,0,0,0,0
Cable trifasico,1,6,80,0,0,0,0,0,1,0,0,0,0
Cable RCA 3COLORES a 3.5mm ,7,6,60,0,0,0,0,0,6,14,0,0,0
Cable RCA a RCA,7,6,60,0,0,0,0,0,0,0,0,0,0
Cable de red 3M,1,6,50,0,0,0,0,0,0,0,0,0,0
Cartera universal lisa 5P,2,6,150,0,0,0,0,0,9,2,2,0,0
Cartera universal lisa 5.5P,2,6,150,0,0,0,0,6,7,13,10,0,0
Cartera universal lisa 6P,2,6,150,0,0,0,0,6,4,13,9,0,0
Cartera universal lisa 6.3P,2,6,150,0,0,0,0,4,3,17,6,0,0
Cartera universal dise�o 5P,2,6,150,0,0,0,0,8,5,6,2,0,0
Cartera universal dise�o 5.5P,2,6,150,0,0,0,0,17,14,15,14,0,0
Cartera universal dise�o 6P,2,6,150,0,0,0,0,19,5,17,17,0,0
Cartera universal dise�o 6.3P,2,6,150,0,0,0,0,12,3,4,14,0,0
Funda de lona universa 4.5P,3,6,150,0,0,0,0,1,2,0,0,0,0
Funda de lona universa 5P,3,6,150,0,0,0,0,4,0,3,2,0,0
Funda de lona universa 5.1P,3,6,150,0,0,0,0,0,1,0,1,0,0
Funda de lona universa 5.3P,3,6,150,0,0,0,0,0,1,0,1,0,0
Funda de lona universa 5.5P,3,6,150,0,0,0,0,2,0,0,2,0,0
Funda de lona universa 6P,3,6,150,0,0,0,0,1,0,0,5,0,0
Funda de lona universa 6.3P,3,6,150,0,0,0,0,0,0,0,0,0,0
Funda de piel universal 5P,3,6,150,0,0,0,0,1,2,1,5,0,0
Funda de piel universal 5.5P,3,6,150,0,0,0,0,1,0,0,3,0,0
Funda de piel universal 6P,3,6,150,0,0,0,0,0,0,0,4,0,0
Funda de piel universal 6.3P,3,6,150,0,0,0,0,0,0,0,0,0,0
Bolsa Bongy KCOM chica,2,6,80,0,0,0,0,0,0,1,0,0,0
Bolsa Bongy KCOM grande,2,6,150,0,0,0,0,0,0,1,0,0,0
Plug in ELUX 2.4A V8,2,6,50,0,0,0,0,9,9,7,8,0,0
Chip telcel,1,6,100,0,0,0,0,5,0,0,0,0,0
Chip telcel,1,6,50,0,0,0,0,16,14,243,0,0,0
Chip Movistar,1,6,80,0,0,0,0,4,5,12,0,0,0
Chip ATT,1,6,80,0,0,0,0,3,9,8,0,0,0
Chip Unefon,1,6,80,0,0,0,0,2,5,24,0,0,0
Chip Viryin,1,6,100,0,0,0,0,0,3,6,0,0,0
Adaptador de SIM,2,6,30,0,0,0,14,1,6,8,0,0,0
Soporte 1Hora magnetico PJ097,2,1,90,0,0,0,40,7,6,7,5,0,0
Soporte 1Hora magnetico PJ033,2,1,100,0,0,0,12,6,6,13,3,0,0
Soporte magnetico Transhine KBS034,2,6,130,0,0,0,0,1,2,3,0,0,0
Soporte magnetico CAR HOLDER F3,2,6,120,0,0,0,0,0,0,1,3,0,0
Soporte retrovisor,2,6,170,0,0,0,0,0,0,0,1,0,0
Soporte magnetico HODER,2,6,150,0,0,0,0,0,0,0,1,0,0
Soporte pinza FLY ,2,6,180,0,0,0,10,0,0,3,4,0,0
Soporte bicicleta tipo bolsa,2,6,180,0,0,0,0,3,2,0,3,0,0
Soporte bicicleta CH01,2,6,180,0,0,0,0,0,0,1,0,0,0
Soporte para carga de pinza S5,2,6,200,0,0,0,0,2,2,2,1,0,0
Soporte bicicleta con liga,2,6,150,0,0,0,4,3,2,12,1,0,0
Soporte QY014 magnetico con ventosa,2,6,130,0,0,0,0,1,1,0,2,0,0
Soporte estatico L306,2,6,180,0,0,0,0,0,0,1,1,0,0
Soporte FLY ventosa,2,6,180,0,0,0,3,2,0,2,1,0,0
Soporte Yapinzhi,2,6,150,0,0,0,0,0,1,1,2,0,0
Soporte Car Holder KCOM,2,6,130,0,0,0,0,1,0,1,2,0,0
Soporte Car Mount,2,6,120,0,0,0,0,4,1,3,1,0,0
Base para carga KCOM iPhone,2,6,200,0,0,0,0,0,0,0,0,0,0
Base para carga KCOM V8,2,6,180,0,0,0,0,0,0,0,0,0,0
Power Bank 1Hora 5A GAR103,2,1,250,0,0,0,16,0,1,6,0,0,0
Power Bank 1Hora 10A GAR140,2,1,350,0,0,0,0,2,1,3,1,0,0
Power Bank 1Hora 10A GAR148,2,1,450,0,0,0,13,2,2,3,2,0,0
Tripie DK007,2,6,50,0,0,0,0,0,2,0,1,0,0
Base para iPad y Tablet,2,6,130,0,0,0,0,0,1,1,1,0,0
Base para celular tipo microfono TZ2007,2,6,100,0,0,0,0,0,2,4,2,0,0
Mica de privacidad iPhone 6 7 8 plus,4,6,180,0,0,0,3,0,2,1,0,0,0
Mica de privacidad iphone xs max y 11 Pro max,4,6,180,0,0,0,1,0,0,0,0,0,0
"Mica de privacidad iPhone x, xs, 11 pro",4,6,180,0,0,0,0,0,1,2,0,0,0
Mica de privacidad iPhone XR y 11,4,6,180,0,0,0,4,0,0,3,0,0,0
Mica de privacidad iPhone 13 mini,4,6,180,0,0,0,0,0,0,2,0,0,0
Mica de privacidad iPhone 14 pro,4,6,180,0,0,0,0,0,0,3,0,0,0
Mica de privacidad iPhone 14,4,6,180,0,0,0,0,0,0,2,0,0,0
Mica de privacidad iPhone 13 pro max y 14 plus,4,6,180,0,0,0,2,0,0,2,0,0,0
Mica de privacidad Samsung A53,4,6,180,0,0,0,0,0,1,3,0,0,0
Mica de privacidad Samsung A03 y A03s,4,6,180,0,0,0,0,0,0,3,0,0,0
Mica de privacidad Reno 7 lite,4,6,180,0,0,0,0,0,0,2,0,0,0
Mica de privacidad Nova 9se,4,6,180,0,0,0,0,0,0,1,0,0,0
Mica de privacidad Huawei Y9 2019,4,6,180,0,0,0,0,0,0,3,0,0,0
Mica de privacidad Huawei Y9 prime,4,6,180,0,0,0,0,0,0,3,0,0,0
Mica de privacidad Moto G8 power lite,4,6,180,0,0,0,0,0,0,2,0,0,0
Mica de privacidad Moto G22,4,6,180,0,0,0,0,0,0,1,0,0,0
Mica de privacidad Moto E20,4,6,180,0,0,0,0,0,0,1,0,0,0
Mica de privacidad Moto G50 5g,4,6,180,0,0,0,0,0,0,2,0,0,0
Mica 9D Huawei prime Y9s,4,6,110,0,0,0,30,1,0,4,2,0,0
Mica 9D Huawei Y9s,4,6,110,0,0,0,0,0,0,5,0,0,0
Mica 9D Huawei Honor X6 y X8,4,6,110,0,0,0,0,0,1,1,0,0,0
Mica 9D Huawei Honor X7 Redmi 10c,4,6,110,0,0,0,0,2,0,1,0,0,0
Mica 9D Huawei Y9A,4,6,110,0,0,0,0,0,0,1,0,0,0
Mica 9D Huawei Y6S,4,6,110,0,0,0,0,0,0,2,0,0,0
Mica 9D Huawei Y9 19,4,6,110,0,0,0,0,0,1,0,0,0,0
Mica 9D Huawei Y9 PRIME,4,6,110,0,0,0,0,0,8,0,0,0,0
Mica 9D Huawei Y6 19,4,6,110,0,0,0,0,0,2,2,0,0,0
Mica 9D Huawei Y5 19,4,6,110,0,0,0,0,0,1,1,0,0,0
Mica 9D Huawei Y70,4,6,110,0,0,0,0,0,1,0,0,0,0
Mica 9D Huawei Y5P,4,6,110,0,0,0,0,0,0,1,0,0,0
Mica 9D Huawei Note 9s,4,6,110,0,0,0,24,0,2,0,0,0,0
Mica 9D Huawei Mate 20 lite,4,6,110,0,0,0,0,0,1,0,0,0,0
Mica 9D Huawei Mate 20,4,6,110,0,0,0,0,0,0,1,0,0,0
Mica 9D Huawei P40 pro,4,6,110,0,0,0,0,0,0,1,0,0,0
Mica 9D Xiaomi Redmi 7 ,4,6,110,0,0,0,0,0,1,0,1,0,0
Mica 9D Xiaomi Redmi note 8 pro,4,6,110,0,0,0,0,0,0,0,0,0,0
Mica 9D Xiaomi Note 9 pro,4,6,110,0,0,0,0,0,0,1,0,0,0
Mica 9d Xiaomi Redmi note 9 9s,4,6,110,0,0,0,0,6,0,4,2,0,0
Mica 9D Xiaomi Redmi note 10s,4,6,110,0,0,0,0,0,4,1,0,0,0
Mica 9D Xiaomi Redmi Note 10 lite,4,6,110,0,0,0,0,0,0,1,0,0,0
Mica 9D Xiaomi 11T Note 10 pro Note 11 pro,4,6,110,0,0,0,25,0,1,1,0,0,0
Mica 9D Xiaomi Redmi 9a y 9c,4,6,110,0,0,0,20,3,5,17,7,0,0
Mica 9D Xiaomi A1,4,6,110,0,0,0,0,0,0,2,0,0,0
Mica 9D Realme c15,4,6,110,0,0,0,0,0,0,1,0,0,0
Mica 9D iPhone 6 7 y 8,4,6,110,0,0,0,0,0,16,3,3,0,0
Mica 9D iPhone XS max,4,6,110,0,0,0,17,3,2,0,3,0,0
Mica 9D iPhone 11 pro max ,4,6,110,0,0,0,0,0,1,0,0,0,0
Mica 9D iPhone XR y 11,4,6,110,0,0,0,10,5,7,3,0,0,0
Mica 9D iPhone 12 13 14 pro max,4,6,110,0,0,0,17,3,2,0,3,0,0
Mica 9D iPhone 13  13 Pro y 14,4,6,110,0,0,0,0,0,0,1,0,0,0
Mica 9D Moto G8 power,4,6,110,0,0,0,20,3,1,15,4,0,0
Mica 9D Moto G8 power lite,4,6,110,0,0,0,30,1,8,8,0,0,0
Mica 9D Moto G8 play G7 G7 plus,4,6,110,0,0,0,20,4,1,6,2,0,0
Mica 9D Moto G9,4,6,110,0,0,0,25,3,0,4,0,0,0
Mica 9D Moto E5 plus,4,6,110,0,0,0,0,0,0,2,0,0,0
Mica 9D Moto G6 plus,4,6,110,0,0,0,0,0,0,0,0,0,0
Mica 9D Moto G6,4,6,110,0,0,0,0,0,0,1,0,0,0
Mica 9D Moto Edge,4,6,110,0,0,0,0,0,0,1,0,0,0
Mica 9D Moto One fusion plus,4,6,110,0,0,0,0,0,0,3,0,0,0
Mica 9D Moto One hyper,4,6,110,0,0,0,0,0,0,1,0,0,0
Mica 9D Moto One,4,6,110,0,0,0,0,0,1,1,0,0,0
Mica 9D Moto E6s E6 plus,4,6,110,0,0,0,0,0,5,3,0,0,0
Mica 9D Moto E7 plus,4,6,110,0,0,0,0,0,0,2,0,0,0
Mica 9D Moto E7 power,4,6,110,0,0,0,0,0,0,0,0,0,0
Mica 9D Moto E7i power,4,6,110,0,0,0,0,0,0,3,0,0,0
Mica 9D Moto G10 G20 G30,4,6,110,0,0,0,0,1,1,2,0,0,0
Mica 9D Moto G22 E40 E30,4,6,110,0,0,0,0,0,0,10,0,0,0
Mica 9D Moto E22 E22i,4,6,110,0,0,0,0,0,0,1,0,0,0
Mica 9D MOTO One action One vision,4,6,110,0,0,0,0,0,0,0,0,0,0
Mica 9D Moto G60 G40 G51 G200 G60s,4,6,110,0,0,0,0,0,0,2,0,0,0
Mica 9D Moto G60 G60s,4,6,110,0,0,0,0,0,0,0,0,0,0
Mica 9D Moto G5 5g,4,6,110,0,0,0,0,0,0,4,0,0,0
Mica 9D Moto G31 G41,4,6,110,0,0,0,0,0,0,1,0,0,0
Mica 9D Moto E32 G22 E30 E40,4,6,110,0,0,0,0,0,1,2,0,0,0
Mica 9D Moto G32,4,6,110,0,0,0,0,0,0,1,0,0,0
Mica 9D Moto E40,4,6,110,0,0,0,0,0,0,1,0,0,0
Mica 9D Moto G50 G50 5g,4,6,110,0,0,0,0,0,0,2,0,0,0
Mica 9D Moto G52,4,6,110,0,0,0,0,0,0,1,1,0,0
Mica 9D Moto G71,4,6,110,0,0,0,0,0,0,1,0,0,0
Mica 9D Moto G pure y G play 2023,4,6,110,0,0,0,0,0,0,1,0,0,0
Mica 9D ZTE A5 2020,4,6,110,0,0,0,0,0,0,1,0,0,0
Mica 9D ZTE V30,4,6,110,0,0,0,0,0,0,2,0,0,0
Mica 9D ZTE V20 smart,4,6,110,0,0,0,0,0,0,1,0,0,0
Mica 9D ZTE A71,4,6,110,0,0,0,0,0,0,1,0,0,0
Mica 9D LG x power,4,6,110,0,0,0,0,0,0,1,0,0,0
Mica 9D OPPO A53 A54,4,6,110,0,0,0,0,0,1,2,0,0,0
Mica 9D OPPO Reno 7 4g,4,6,110,0,0,0,0,0,0,1,0,0,0
Mica 9D OPPO A72 Reno 5 lite Reno 6 lite Reno 7 lite  ,4,6,110,0,0,0,0,0,0,1,0,0,0
Mica 9D OPPO A15,4,6,110,0,0,0,0,0,1,2,0,0,0
Mica 9D OPPO A16,4,6,110,0,0,0,0,0,1,1,0,0,0
Mica 9D OPPO A17,4,6,110,0,0,0,0,0,0,1,0,0,0
Mica 9D J4 plus,4,6,110,0,0,0,0,0,0,0,0,0,0
Mica 9D Samsung s20,4,6,110,0,0,0,0,0,0,1,0,0,0
Mica 9D Samsung s21 plus,4,6,110,0,0,0,0,0,1,0,0,0,0
Mica 9D Samsung S8 y S9,4,6,110,0,0,0,0,0,0,1,0,0,0
Mica 9D A5 2017,4,6,110,0,0,0,0,0,0,0,0,0,0
Mica 9D J8 BACK,4,6,110,0,0,0,0,0,0,0,0,0,0
Mica 9D J7,4,6,110,0,0,0,0,0,0,0,0,0,0
Mica 9D J7 Prime,4,6,110,0,0,0,0,0,0,0,0,0,0
Mica 9D Samsung A01,4,6,110,0,0,0,0,0,0,1,4,0,0
Mica 9D Samsung 01 core,4,6,110,0,0,0,0,0,0,1,0,0,0
Mica 9D Samsung A03 core,4,6,110,0,0,0,0,0,0,1,0,0,0
Mica 9D Samsung A03 A03s,4,6,110,0,0,0,0,0,0,1,0,0,0
Mica 9D Samsung A10s,4,6,110,0,0,0,0,0,3,1,2,0,0
Mica 9D Samsung A11,4,6,110,0,0,0,27,0,3,2,2,0,0
Mica 9D Samsung A13 4g,4,6,110,0,0,0,0,1,2,2,0,0,0
Mica 9D Samsung A20s,4,6,110,0,0,0,0,0,0,1,0,0,0
Mica 9D Samsung A22 y A32 5g,4,6,110,0,0,0,0,0,2,7,0,0,0
Mica 9D Samsung A22 y A32 4g,4,6,110,0,0,0,0,0,3,3,0,0,0
Mica 9D Samsung A 21 A21s,4,6,110,0,0,0,25,0,10,19,4,0,0
Mica 9D Samsung A23 4g,4,6,110,0,0,0,0,0,0,0,0,0,0
Mica 9D Samsung A20 A30 A50 M30,4,6,110,0,0,0,0,2,4,6,4,0,0
Mica 9D Samsung A02 A02s A03 A03s A12 A03 core A04 A04s A04 core A32 5g,4,6,110,0,0,0,0,0,27,24,3,0,0
Mica 9D Samsung A04,4,6,110,0,0,0,0,0,0,0,0,0,0
Mica 9D Samsung A80,4,6,110,0,0,0,0,1,0,2,0,0,0
Mica 9D Samsung A71,4,6,110,0,0,0,0,0,0,2,0,0,0
Mica 9D Samsung A72,4,6,110,0,0,0,0,0,1,0,0,0,0
Mica 9D Samsung A31,4,6,110,0,0,0,30,3,3,3,0,0,0
Mica 9D LG K51 K51S,4,6,110,0,0,0,0,1,2,0,0,0,0
Mica 9H Sony M4 Aqua,4,6,50,0,0,0,0,0,0,1,0,0,0
Mica 9H Xperia E5,4,6,50,0,0,0,0,0,0,0,0,0,0
Mica 9H Xperia XZ,4,6,50,0,0,0,0,0,0,0,0,0,0
Mica 9H Xperia Z4,4,6,50,0,0,0,0,0,0,0,0,0,0
Mica 9H Xperia C4,4,6,50,0,0,0,0,0,0,0,0,0,0
Mica 9H Xpera C5 y C5 ultra,4,6,50,0,0,0,0,0,0,0,0,0,0
Mica 9H HTC M9,4,6,50,0,0,0,0,0,0,1,0,0,0
Mica 9H HTC M4,4,6,50,0,0,0,0,0,1,0,0,0,0
Mica 9H HTC M10,4,6,50,0,0,0,0,0,1,1,0,0,0
Mica 9H HTC 526,4,6,50,0,0,0,0,0,0,1,0,0,0
Mica 9H HTC Desire 12,4,6,50,0,0,0,0,0,1,2,0,0,0
Mica 9H Lanix X710,4,6,50,0,0,0,0,0,2,1,1,0,0
Mica 9H Lanix X500,4,6,50,0,0,0,0,0,1,1,0,0,0
Mica 9H Lanix X520,4,6,50,0,0,0,0,0,2,0,1,0,0
Mica 9H Lanix L1050,4,6,50,0,0,0,0,0,0,1,0,0,0
Mica 9H Lanix X200,4,6,50,0,0,0,0,0,0,1,0,0,0
Mica 9H Lanix S106,4,6,50,0,0,0,0,0,0,1,0,0,0
Mica 9H Lanix 610,4,6,50,0,0,0,0,0,0,0,0,0,0
Mica 9H Lanix 910,4,6,50,0,0,0,0,0,0,1,0,0,0
Mica 9H Hisense F8 mini,4,6,50,0,0,0,0,0,0,1,0,0,0
Mica 9H Hisense F32,4,6,50,0,0,0,0,0,0,1,0,0,0
Mica 9H Nokia 6,4,6,50,0,0,0,0,0,1,1,2,0,0
Mica 9H Nokia 640,4,6,50,0,0,0,0,0,1,1,0,0,0
Mica 9H Nokia 6 2018,4,6,50,0,0,0,0,0,2,1,0,0,0
Mica 9H Nokia 5.1 plus,4,6,50,0,0,0,0,0,2,1,0,0,0
Mica 9H M4 4045,4,6,50,0,0,0,0,0,0,1,0,0,0
Mica 9H Lenovo PA1010,4,6,50,0,0,0,0,0,0,1,0,0,0
Mica 9H Alcatel 3C 2019,4,6,50,0,0,0,0,0,0,1,0,0,0
Mica 9H Alcatel Idol 4,4,6,50,0,0,0,0,0,1,1,0,0,0
Mica 9H Alcatel Idol 4s,4,6,50,0,0,0,0,0,2,1,0,0,0
Mica 9H Alcatel A5 led,4,6,50,0,0,0,0,0,2,2,0,0,0
Mica 9H Alcatel 4027,4,6,50,0,0,0,0,0,0,1,0,0,0
Mica 9H Alcatel A3,4,6,50,0,0,0,0,0,0,1,0,0,0
Mica 9H Alcatel 1S 506,4,6,50,0,0,0,0,0,0,0,0,0,0
Mica 9H Alcatel 5099 3V,4,6,50,0,0,0,0,0,1,1,3,0,0
Mica 9H Alcatel 1S y 1V 2020,4,6,50,0,0,0,0,5,1,0,3,0,0
Mica 9H Alcatel 5010,4,6,50,0,0,0,10,0,0,8,0,0,0
Mica 9H Alcatel X1,4,6,50,0,0,0,0,0,2,3,0,0,0
Mica 9H Alcatel 1C 5003,4,6,50,0,0,0,5,5,0,8,5,0,0
Mica 9H Alcatel 1s 5024,4,6,50,0,0,0,0,5,1,8,4,0,0
Mica 9H Alcatel 5058,4,6,50,0,0,0,0,5,2,2,5,0,0
Mica 9H Alcatel 1C 5086,4,6,50,0,0,0,0,5,3,2,5,0,0
Mica 9H Alcatel 1X 5059,4,6,50,0,0,0,0,5,1,7,5,0,0
Mica 9H LG Stylo 6,4,6,50,0,0,0,7,0,0,0,0,0,0
Mica 9H LG Leon,4,6,50,0,0,0,0,0,3,10,3,0,0
Mica 9H LG Magna,4,6,50,0,0,0,0,0,0,1,0,0,0
Mica 9H LG Xcam,4,6,50,0,0,0,0,0,0,1,0,0,0
Mica 9H LG K4,4,6,50,0,0,0,0,0,0,1,0,0,0
Mica 9H LG K11,4,6,50,0,0,0,0,0,2,2,0,0,0
Mica 9H LG K11 plus,4,6,50,0,0,0,0,0,2,5,2,0,0
Mica 9H LG Xpower,4,6,50,0,0,0,0,0,2,1,0,0,0
Mica 9H LG F60,4,6,50,0,0,0,0,0,0,1,0,0,0
Mica 9H LG Stylus 4,4,6,50,0,0,0,0,0,1,1,1,0,0
Mica 9H LG G4 Stylus,4,6,50,0,0,0,0,0,2,2,1,0,0
Mica 9H LG G3 Stylus,4,6,50,0,0,0,0,0,3,1,2,0,0
Mica 9H LG Pro lite,4,6,50,0,0,0,0,0,1,1,0,0,0
Mica 9H LG G5,4,6,50,0,0,0,0,0,0,1,0,0,0
Mica 9H LG G6 plus,4,6,50,0,0,0,0,0,1,1,1,0,0
Mica 9H LG G7,4,6,50,0,0,0,0,0,0,2,1,0,0
Mica 9H LG K8 2017,4,6,50,0,0,0,0,0,0,1,4,0,0
Mica 9H K11,4,6,50,0,0,0,0,0,0,0,0,0,0
Mica 9H LG Q6 prime,4,6,50,0,0,0,7,0,0,0,0,0,0
Mica 9H K11 plus,4,6,50,0,0,0,0,0,0,0,0,0,0
Mica 9H Universal 5P,4,6,50,0,0,0,40,9,5,0,4,0,0
Mica 9H Universal 5.5P,4,6,50,0,0,0,30,7,11,11,6,0,0
Mica 9H Universal 3.5P,4,6,50,0,0,0,0,0,1,1,0,0,0
Mica 9H Universal 3.7P,4,6,50,0,0,0,0,0,0,0,0,0,0
Mica 9H Xiaomi Note 9s,4,6,50,0,0,0,0,9,7,13,4,0,0
Mica 9H Xiaomi 11T Note 10 pro Note 11 pro,4,6,50,0,0,0,0,2,6,3,0,0,0
Mica 9H Xiaomi Poco X3,4,6,50,0,0,0,0,5,0,14,3,0,0
Mica 9H Xiaomi Redmi 9,4,6,50,0,0,0,10,7,5,22,3,0,0
Mica 9H Xiaomi Redmi 9a 9c,4,6,50,0,0,0,40,8,0,21,0,0,0
Mica 9H Xiaomi Redmi Note 10 10S,4,6,50,0,0,0,0,7,0,0,3,0,0
Mica de privacidad Xiaomi Redmi note 8 pro,4,6,180,0,0,0,0,0,0,1,0,0,0
Mica 9H Xiaomi Redmi S2,4,6,50,0,0,0,7,3,1,0,6,0,0
Mica 9H Xiaomi A2,4,6,50,0,0,0,0,0,3,1,5,0,0
Mica 9H Huawei P9 plus,4,6,50,0,0,0,0,0,1,6,0,0,0
Mica 9H Huawei P9,4,6,50,0,0,0,0,0,0,1,0,0,0
Mica 9H Huawei P10 selfie,4,6,50,0,0,0,0,0,1,1,0,0,0
Mica 9H Huawei P10,4,6,50,0,0,0,0,0,0,1,0,0,0
Mica 9H Huawei P10 plus,4,6,50,0,0,0,0,0,2,1,0,0,0
Mica 9H Huawei G7,4,6,50,0,0,0,0,0,0,1,0,0,0
Mica 9H Huawei G8,4,6,50,0,0,0,0,0,0,1,0,0,0
Mica 9H Huawei Y520,4,6,50,0,0,0,0,0,0,1,0,0,0
Mica 9H Huawei GR3,4,6,50,0,0,0,0,0,0,1,0,0,0
Mica 9H Huawei Nova 5t,4,6,50,0,0,0,20,3,0,7,3,0,0
Mica 9H Huawei Nova Y60,4,6,50,0,0,0,0,2,0,6,0,0,0
Mica 9H Huawei Nova 4,4,6,50,0,0,0,0,0,2,0,6,0,0
Mica 9H Huawei Nova 3,4,6,50,0,0,0,0,0,0,7,6,0,0
Mica 9H Huawei Mate 20 lite,4,6,50,0,0,0,180,19,8,18,11,0,0
Mica 9H Huawei P smart,4,6,50,0,0,0,0,0,2,3,0,0,0
Mica 9H Huawei P smart 2019,4,6,50,0,0,0,0,8,2,1,2,0,0
Mica 9H Huawei Y9 prime Y9s,4,6,50,0,0,0,82,19,0,24,2,0,0
Mica 9H Huawei P20 lite,4,6,50,0,0,0,28,8,2,9,10,0,0
Mica 9H Huawei P20   ,4,6,50,0,0,0,0,0,1,9,1,0,0
Mica 9H Huawei P30,4,6,50,0,0,0,3,2,1,3,6,0,0
Mica 9H Huawei P30 pro,4,6,50,0,0,0,0,0,0,1,0,0,0
Mica 9H Huawei P40 lite y Y7P,4,6,50,0,0,0,0,1,5,13,4,0,0
Mica 9H Huawei Y5 2018,4,6,50,0,0,0,20,10,3,15,10,0,0
Mica 9H Huawei Y5 2019,4,6,50,0,0,0,35,3,3,16,14,0,0
Mica 9H Huawei Y6 2018,4,6,50,0,0,0,3,5,0,13,2,0,0
Mica 9H Huawei Y6 2019,4,6,50,0,0,0,30,6,7,16,4,0,0
Mica 9H Huawei Y7 2018,4,6,50,0,0,0,10,1,4,12,0,0,0
Mica 9H Huawei Y7 2019,4,6,50,0,0,0,20,4,5,10,2,0,0
Mica 9H Huawei Y7A,4,6,50,0,0,0,0,10,6,5,0,0,0
Mica 9H Huawei Y9 2018,4,6,50,0,0,0,0,4,3,5,0,0,0
Mica 9H Huawei Y9 2019,4,6,50,0,0,0,20,0,4,9,6,0,0
Mica 9H Huawei Honor X8,4,6,50,0,0,0,25,1,3,0,0,0,0
Mica 9H Huawei Honor X7 Redmi 10c,4,6,50,0,0,0,20,10,10,2,0,0,0
Mica 9H ZTE A511,4,6,50,0,0,0,0,0,2,1,1,0,0
Mica 9H ZTE A5 2019,4,6,50,0,0,0,0,5,1,11,4,0,0
Mica 9H ZTE A510,4,6,50,0,0,0,0,0,0,1,1,0,0
Mica 9H ZTE blade A530,4,6,50,0,0,0,0,0,1,0,3,0,0
Mica 9H ZTE A6,4,6,50,0,0,0,0,0,0,2,0,0,0
Mica 9H ZTE A610,4,6,50,0,0,0,0,0,1,0,0,0,0
Mica 9H ZTE L2,4,6,50,0,0,0,0,0,2,1,1,0,0
Mica 9H ZTE L3 plus,4,6,50,0,0,0,0,0,2,8,1,0,0
Mica 9H ZTE L7,4,6,50,0,0,0,0,0,1,0,0,0,0
Mica 9H ZTE L8 L9,4,6,50,0,0,0,10,8,5,0,2,0,0
Mica 9H ZTE V smart,4,6,50,0,0,0,8,0,0,11,0,0,0
Mica 9H ZTE V20 smart,4,6,50,0,0,0,5,2,3,14,1,0,0
Mica 9H ZTE A51 y A71,4,6,50,0,0,0,10,0,0,10,0,0,0
Mica 9H ZTE V30 vita,4,6,50,0,0,0,9,0,0,9,0,0,0
Mica 9H ZTE  A7 2019,4,6,50,0,0,0,0,0,2,1,5,0,0
Mica 9H ZTE V8,4,6,50,0,0,0,0,0,1,1,0,0,0
Mica 9H ZTE V9 vita,4,6,50,0,0,0,0,0,3,1,10,0,0
Mica 9H ZTE L210,4,6,50,0,0,0,15,9,6,8,3,0,0
Mica 9H ZTE A3 2020,4,6,50,0,0,0,5,2,4,3,1,0,0
Mica 9H ZTE A5 2020,4,6,50,0,0,0,0,2,10,6,0,0,0
Mica 9H OPPO A72 Reno 5 lite Reno 6 lite Reno 7 lite  ,4,6,50,0,0,0,110,8,0,8,4,0,0
Mica 9H OPPO A12,4,6,50,0,0,0,0,0,0,2,0,0,0
Mica 9H iPhone 5g,4,6,50,0,0,0,7,0,1,2,7,0,0
Mica 9H iPhone 6 7 y 8g,4,6,50,0,0,0,40,14,13,19,3,0,0
Mica 9H iPhone 6 7 y 8 plus,4,6,50,0,0,0,260,7,9,20,2,0,0
Mica 9H iPhone XS max y 11 pro max,4,6,50,0,0,0,19,9,17,2,0,0,0
Mica 9H iPhone X Xs y 11 5.8P,4,6,50,0,0,0,140,7,3,10,0,0,0
Mica 9H iPhone 12 mini y 13 mini,4,6,50,0,0,0,20,10,5,8,0,0,0
Mica 9H iPhone 12 pro max,4,6,50,0,0,0,10,0,17,17,0,0,0
Mica 9H iPhone 12 y 12 pro,4,6,50,0,0,0,60,8,8,18,0,0,0
Mica 9H iPhone 12 13 y 14 pro max,4,6,50,0,0,0,10,0,10,17,4,0,0
Mica 9H iPhone 13 y 13 pro,4,6,50,0,0,0,20,9,1,6,0,0,0
Mica 9H iPhone 13 pro max,4,6,50,0,0,0,10,8,0,5,0,0,0
Mica 9H iPhone XR Y 11 ,4,6,50,0,0,0,0,8,0,0,4,0,0
Mica 9H Samsung J3 prime,4,6,50,0,0,0,0,0,2,0,1,0,0
Mica 9H Samsung J3 2016,4,6,50,0,0,0,0,0,1,0,0,0,0
Mica 9H Samsung J5 prime,4,6,50,0,0,0,0,2,0,0,0,0,0
Mica 9H Samsung J5   ,4,6,50,0,0,0,0,3,0,6,0,0,0
Mica 9H Samsung J7 prime,4,6,50,0,0,0,0,0,3,5,0,0,0
Mica 9H Samsung J7 pro,4,6,50,0,0,0,0,15,5,0,9,0,0
Mica 9H Samsung J7  ,4,6,50,0,0,0,0,4,4,5,0,0,0
Mica 9H Samsung A9 ,4,6,50,0,0,0,0,0,0,1,0,0,0
Mica 9H Samsung A710,4,6,50,0,0,0,0,0,2,1,0,0,0
Mica 9H Samsung A7 2017,4,6,50,0,0,0,0,0,0,1,0,0,0
Mica 9H Samsung A7 2016,4,6,50,0,0,0,0,0,0,1,1,0,0
Mica 9H Samsung A5 2016,4,6,50,0,0,0,0,0,2,0,2,0,0
Mica 9H Samsung A5,4,6,50,0,0,0,0,0,0,1,0,0,0
Mica 9H Samsung A3 2016,4,6,50,0,0,0,0,0,0,1,1,0,0
Mica 9H Samsung A3 2015,4,6,50,0,0,0,0,0,0,1,0,0,0
Mica 9H Samsung Grand neo,4,6,50,0,0,0,0,0,0,1,0,0,0
Mica 9H Samsung Note 2,4,6,50,0,0,0,0,0,0,1,1,0,0
Mica 9H Samsung Note 3,4,6,50,0,0,0,0,0,0,1,0,0,0
Mica 9H Samsung Note 4,4,6,50,0,0,0,0,0,2,3,2,0,0
Mica 9H Samsung S3,4,6,50,0,0,0,0,0,1,1,0,0,0
Mica 9H Samsung S3 mini,4,6,50,0,0,0,0,0,2,0,0,0,0
Mica 9H Samsung S4,4,6,50,0,0,0,0,0,1,0,0,0,0
Mica 9H Samsung S6 edge,4,6,50,0,0,0,0,0,0,1,0,0,0
Mica 9H Samsung S8,4,6,50,0,0,0,0,0,0,0,0,0,0
Mica 9H Samsung S9,4,6,50,0,0,0,0,0,0,1,0,0,0
Mica 9H Samsung Note 10 plus,4,6,110,0,0,0,0,0,1,1,0,0,0
Mica 9H Samsung Note 10 plus,4,6,50,0,0,0,0,0,0,0,0,0,0
Mica 9H Samsung J4 2018,4,6,50,0,0,0,0,4,0,3,0,0,0
Mica 9H Samsung J4  ,4,6,50,0,0,0,0,0,4,0,0,0,0
Mica 9H Samsung J4 plus J4 core J6 plus,4,6,50,0,0,0,0,10,4,16,8,0,0
Mica 9H Samsung J6,4,6,50,0,0,0,0,4,1,8,0,0,0
Mica 9H Samsung Grand prime G530,4,6,50,0,0,0,0,9,8,23,1,0,0
Mica 9H Samsung A01 core,4,6,50,0,0,0,0,17,6,0,14,0,0
Mica 9H Samsung A01 core prime,4,6,50,0,0,0,0,0,1,0,0,0,0
Mica 9h Samsung Ace 4,4,6,50,0,0,0,0,0,1,0,0,0,0
Mica 9H Samsung A01 M01,4,6,50,0,0,0,0,0,4,24,0,0,0
Mica 9H Samsung A10 y A10s M10,4,6,50,0,0,0,0,10,11,18,0,0,0
Mica 9H Samsung A11 y M11,4,6,50,0,0,0,0,14,6,7,3,0,0
Mica 9H Samsung A20s,4,6,50,0,0,0,0,5,5,19,5,0,0
Mica 9H Samsung A20 A30 y A50,4,6,50,0,0,0,0,8,7,24,10,0,0
Mica 9H Samsung F41,4,6,50,0,0,0,0,4,0,0,0,0,0
Mica 9H Samsung A02 A02s A03 A03s A12 A03 core A04 A04s A04 core A32 5g,4,6,50,0,0,0,0,8,18,1,5,0,0
Mica 9H Samsung A23,4,6,50,0,0,0,0,0,0,8,0,0,0
Mica 9H Samsung A21 y A21s,4,6,50,0,0,0,0,5,19,9,1,0,0
Mica 9H Samsung A33,4,6,50,0,0,0,0,1,12,11,0,0,0
Mica 9H Samsung A32 A22 4g,4,6,50,0,0,0,0,11,7,17,4,0,0
Mica 9H Samsung A72 5g,4,6,50,0,0,0,0,9,6,4,0,0,0
Mica 9H Samsung A72 y A52 4g,4,6,50,0,0,0,0,7,0,7,0,0,0
Mica 9D Samsung A51 A52 4g A53 A53 5g Note 11 P40 lite,4,6,110,0,0,0,0,0,1,2,1,0,0
Mica 9H Samsung A51 A52 4g A53 A53 5g Note 11 P40 lite,4,6,50,0,0,0,0,9,9,9,0,0,0
Mica 9H Samsung A71,4,6,50,0,0,0,0,8,3,14,4,0,0
Mica 9H Samsung A80 A90,4,6,50,0,0,0,0,1,8,19,0,0,0
Mica 9H MOTO Nexus 6,4,6,50,0,0,0,0,0,1,2,0,0,0
Mica 9H Moto C y C plus,4,6,50,0,0,0,20,4,1,13,3,0,0
Mica 9H MOTO Z2 play,4,6,50,0,0,0,0,2,1,10,1,0,0
Mica 9H MOTO Z3 play,4,6,50,0,0,0,0,3,0,0,1,0,0
Mica 9H MOTO E4 ,4,6,50,0,0,0,0,2,0,4,0,0,0
Mica 9H MOTO E22 E22i E13,4,6,50,0,0,0,70,0,9,9,0,0,0
Mica 9H MOTO E4 plus,4,6,50,0,0,0,4,3,2,11,3,0,0
Mica 9H MOTO G4,4,6,50,0,0,0,0,0,1,8,0,0,0
Mica 9H MOTO G4 plus,4,6,50,0,0,0,0,0,2,9,0,0,0
Mica 9H MOTO E5 y G6 play,4,6,50,0,0,0,0,1,5,16,11,0,0
Mica 9H MOTO G6 plus,4,6,50,0,0,0,10,2,2,2,4,0,0
Mica 9H MOTO G5 plus,4,6,50,0,0,0,25,5,7,2,0,0,0
Mica 9H MOTO G5,4,6,50,0,0,0,0,7,4,11,0,0,0
Mica 9H MOTO E6 plus ,4,6,50,0,0,0,30,0,2,0,18,0,0
Mica 9H MOTO E6 play,4,6,50,0,0,0,30,9,10,3,9,0,0
Mica 9H MOTO X,4,6,50,0,0,0,0,0,1,0,0,0,0
Mica 9H MOTO X play,4,6,50,0,0,0,0,0,1,0,0,0,0
Mica 9H MOTO X4,4,6,50,0,0,0,0,0,0,5,0,0,0
Mica 9H MOTO one,4,6,50,0,0,0,60,10,7,1,2,0,0
Mica 9H MOTO One action One vision,4,6,50,0,0,0,29,3,1,1,2,0,0
Mica 9H MOTO One fusion plus,4,6,50,0,0,0,7,3,2,1,0,0,0
Mica 9H MOTO One hiper,4,6,50,0,0,0,0,0,0,1,0,0,0
Mica 9H MOTO E5 play go,4,6,50,0,0,0,10,5,3,9,5,0,0
Mica 9H MOTO G7 plus,4,6,50,0,0,0,0,2,0,17,7,0,0
Mica 9H MOTO G7 play,4,6,50,0,0,0,20,6,9,11,1,0,0
Mica 9H MOTO G7 power,4,6,50,0,0,0,45,9,4,2,15,0,0
Mica 9H MOTO G8 play G7,4,6,50,0,0,0,15,1,11,5,3,0,0
Mica 9H MOTO G62,4,6,50,0,0,0,0,0,0,2,0,0,0
Mica 9H MOTO G52,4,6,50,0,0,0,20,10,0,15,1,0,0
Mica 9H MOTO G31 G41,4,6,50,0,0,0,10,1,0,0,0,0,0
Mica 9H MOTO G31 G71,4,6,50,0,0,0,0,9,0,2,0,0,0
Mica 9H MOTO E22,4,6,50,0,0,0,0,0,0,0,0,0,0
Mica 9H MOTO E32 G22 E30 E40,4,6,50,0,0,0,80,8,10,18,0,0,0
Mica 9H MOTO G50 5g,4,6,50,0,0,0,20,0,3,0,0,0,0
Mica 9H MOTO E7 E7 power,4,6,50,0,0,0,0,4,3,0,0,0,0
Mica 9H MOTO G2 ,4,6,50,0,0,0,0,0,1,0,0,0,0
Mica 9H MOTO G10 power,4,6,50,0,0,0,0,0,9,0,4,0,0
Mica 9H MOTO G8 Power lite G10 G20 G30 G50 E20 E30 E40 G9 G9 play E7 plus,4,6,50,0,0,0,110,28,6,11,13,0,0
Mica 9H MOTO G8 power,4,6,50,0,0,0,20,9,12,9,0,0,0
Mica 9H Moto G60 G40 G51 G200 G60s G200,4,6,50,0,0,0,20,6,12,22,0,0,0
Mica 9H MOTO G9 power,4,6,50,0,0,0,36,7,6,15,5,0,0
Mica 9H MOTO G9 plus,4,6,50,0,0,0,10,5,14,0,5,0,0
Mica 9H MOTO G100,4,6,50,0,0,0,37,0,5,19,2,0,0
Mica para Tablet universal 7P,4,6,150,0,0,0,0,0,1,0,0,0,0
Mica para Tablet universal 10P,4,6,150,0,0,0,0,0,1,0,0,0,0
Mica para tablet Tab A T280,4,6,180,0,0,0,0,0,0,0,0,0,0
Mica para tablet A7 T220,4,6,180,0,0,0,0,0,0,0,0,0,0
Mica para tablet Lenovo PHAB 2,4,6,180,0,0,0,0,0,0,0,0,0,0
Mica para tablet Samsung S2 T810,4,6,180,0,0,0,0,0,0,0,0,0,0
Mica para tablet Samsung A7 T500,4,6,180,0,0,0,0,0,0,0,0,0,0
Mica para tablet Samsung A8 X200,4,6,180,0,0,0,0,0,1,0,0,0,0
Mica para tablet Samsung T510 y t515,4,6,180,0,0,0,0,0,0,0,0,0,0
Mica para tablet iPad Air 9.7P,4,6,180,0,0,0,0,0,0,0,0,0,0
Mica para tablet iPad 10.9P,4,6,180,0,0,0,0,0,0,0,0,0,0
Mica para tablet Huawei Mate pad T10s,4,6,150,0,0,0,0,0,1,0,0,0,0
Cartera para tablet Samsung TAB A8,2,6,250,0,0,0,0,0,1,0,0,0,0
Cartera para tablet Huawei T10,2,6,250,0,0,0,0,0,0,0,0,0,0
Uso rudo Oppo Reno 7 lite,3,6,180,0,0,0,0,1,0,4,0,0,0
Uso rudo Oppo Reno 6 lite Reno 7 lite,3,6,180,0,0,0,0,1,4,4,2,0,0
Uso rudo Huawei T3 9.6P,2,6,180,0,0,0,0,0,0,0,0,0,0
Uso rudo Samsung A7 T500,3,6,180,0,0,0,0,0,0,0,0,0,0
Uso rudo Samsung A7 2020 T500,3,6,180,0,0,0,0,0,0,0,0,0,0
Cartera para iPad mini 1 2 y 3,3,6,150,0,0,0,0,0,0,0,0,0,0
Silicon universal 9 a 11P,3,6,180,0,0,0,0,0,0,0,0,0,0
Funda para audifonos,2,6,150,0,0,0,0,0,1,0,0,0,0
Funda para brazo universal 6P,3,6,150,0,0,0,0,0,0,0,0,0,0
TPU universal 4.7 a 5P,3,6,120,0,0,0,0,0,5,0,0,0,0
TPU universal 5.3 a 6P,3,6,120,0,0,0,0,0,2,0,0,0,0
TPU universal 5.6 a 5.9P,3,6,120,0,0,0,0,0,0,0,0,0,0
TPU universal 5.9 a 6.3P,3,6,120,0,0,0,0,0,0,0,0,0,0
TPU universal 6.3 a 6.5P,3,6,120,0,0,0,0,0,1,0,0,0,0
TPU universal 6.3 a 7.5P,3,6,120,0,0,0,0,0,0,0,0,0,0
TPU dise�o 4.7 a 5P,3,6,120,0,0,0,0,0,0,0,0,0,0
TPU dise�o 5 a 5.3P,3,6,120,0,0,0,0,0,0,0,0,0,0
TPU dise�o 5.3 a 5.6P,3,6,120,0,0,0,0,0,0,0,0,0,0
TPU dise�o 5.2 a 5.5P,3,6,120,0,0,0,0,0,0,0,0,0,0
TPU dise�o 5.6 a 5.9P,3,6,120,0,0,0,0,0,0,0,0,0,0
Fundas rezagadas Samsung,3,6,80,0,0,0,0,0,0,0,0,0,0
TPU Samsung S5,3,6,80,0,0,0,0,0,0,0,0,0,0
Case Samsung S7,3,6,120,0,0,0,0,0,0,0,0,0,0
Funda 360 Samsung s8,3,6,150,0,0,0,0,0,0,0,0,0,0
Acrigel Samsung S10E,3,6,130,0,0,0,0,0,0,0,0,0,0
Tipo original Samsung S10 plus,3,6,150,0,0,0,0,0,1,1,0,0,0
Funda 360 2 piezas Samsung Note 20 ultra,3,6,180,0,0,0,0,0,0,1,0,0,0
Acrigel Samsung S20 FE,3,6,130,0,0,0,0,0,0,1,0,0,0
Acrigel Samsung A01 core,3,6,130,0,0,0,0,0,0,1,0,0,0
Acrigel Samsung A02,3,6,130,0,0,0,0,0,1,1,0,0,0
Case anillo Samsung A04 A04s ,3,6,180,0,0,0,0,0,0,3,1,0,0
Funda 360 Samsung A04e ,3,6,180,0,0,0,0,0,0,0,0,0,0
Uso rudo Samsung A04 A04s,3,6,180,0,0,0,0,1,1,3,0,0,0
Funda 360 difuminado Samsung  A04s,3,6,180,0,0,0,0,0,3,0,0,0,0
Funda 360 2 piezas Samsung A04 A04s,3,6,180,0,0,0,0,0,0,3,0,0,0
Funda dise�o Samsung A02s A03s,3,6,180,0,0,0,0,0,1,1,0,0,0
Uso rudo Samsung A02s,3,6,180,0,0,0,0,0,0,5,0,0,0
Funda 360 difuminado Samsung A02s A03s,3,6,180,0,0,0,0,4,1,0,0,0,0
Tipo original Samsung A02s A03s,3,6,150,0,0,0,0,0,0,1,0,0,0
Funda 360 3 piezas Samsung A03,3,6,180,0,0,0,0,0,0,3,0,0,0
Funda 360 difuminado Samsung A03,3,6,180,0,0,0,0,2,0,0,0,0,0
Uso rudo Samsung A03,3,6,180,0,0,0,0,1,2,3,0,0,0
Uso rudo Samsung A3 core,3,6,180,0,0,0,0,0,0,0,0,0,0
Funda 360 3 piezas Samsung A03 core,3,6,180,0,0,0,0,0,0,4,0,0,0
Case anillo Samsung A03 core,3,6,180,0,0,0,0,1,1,0,0,0,0
Acrigel Samsung A03 core,3,6,130,0,0,0,0,1,0,1,1,0,0
Funda 360 2 piezas Samsung A03 core,3,6,180,0,0,0,0,0,0,3,1,0,0
Acrigel Samsung A10s,3,6,130,0,0,0,0,1,0,2,0,0,0
Tipo orignal Samsung A10s,3,6,150,0,0,0,0,0,0,2,0,0,0
Case mate Samsung A10s,3,6,150,0,0,0,0,0,3,3,0,0,0
Tipo original Samsung A12,3,6,150,0,0,0,0,0,0,4,0,0,0
Case anillo Samsung A12,3,6,180,0,0,0,0,0,3,1,1,0,0
Uso rudo Samsung A12,3,6,180,0,0,0,0,0,0,2,2,0,0
Acrigel Samsung A12,3,6,130,0,0,0,0,0,0,1,1,0,0
Funda dise�o Samsung A12,3,6,180,0,0,0,0,0,0,1,0,0,0
Funda 360 3 piezas Samsung A12 4g,3,6,180,0,0,0,0,0,0,1,4,0,0
Funda 360 3 piezas Samsung A13,3,6,180,0,0,0,0,0,0,0,0,0,0
Funda 360 3 piezas Samsung A13,3,6,180,0,0,0,0,0,0,2,2,0,0
Uso rudo Samsung A13 4g,3,6,180,0,0,0,0,1,1,4,2,0,0
Uso rudo Samsung A14 ,3,6,180,0,0,0,0,0,1,0,0,0,0
Acrigel con soporte Samsung A14,3,6,130,0,0,0,0,0,2,1,0,0,0
Acrigel Samsung A21,3,6,130,0,0,0,0,0,0,2,0,0,0
Funda 360 difuminado Samsung A21,3,6,180,0,0,0,0,0,0,0,0,0,0
Tipo original Samsung A21,3,6,150,0,0,0,0,0,0,2,0,0,0
Tipo original Samsung A20 A30 M10s,3,6,150,0,0,0,0,3,1,2,0,0,0
Acrigel Samsung A20 A30 M10s,3,6,130,0,0,0,0,0,0,2,0,0,0
Funda 360 3 piezas con dise�o Samsung A21s,3,6,180,0,0,0,0,0,0,1,0,0,0
Tipo original cristal Samsung A21s,3,6,200,0,0,0,0,0,0,1,0,0,0
Tipo original Samsung A21s,3,6,150,0,0,0,0,0,0,1,0,0,0
Tipo original Samsung A20s,3,6,150,0,0,0,0,0,0,2,0,0,0
Funda 360 3 piezas Samsung A22 5g,3,6,180,0,0,0,0,0,0,2,1,0,0
Funda 360 3 piezas Samsung A23 4g,3,6,180,0,0,0,0,0,1,2,1,0,0
Funda 360 3 piezas Samsung A23 5g,3,6,180,0,0,0,0,0,0,0,0,0,0
Tipo original cristal Samsung A23 4g,3,6,200,0,0,0,0,0,0,2,0,0,0
Funda 360 difuminado Samsung A23 5g,3,6,180,0,0,0,0,0,0,1,0,0,0
Tipo original Samsung A23 4g,3,6,150,0,0,0,0,1,0,2,0,0,0
Acrigel con soporte Samsung A24,3,6,130,0,0,0,0,0,0,2,0,0,0
Uso rudo Samsung A24 4G,3,6,180,0,0,0,0,1,1,6,1,0,0
Case mate Samsung A70,3,6,150,0,0,0,0,0,0,1,1,0,0
Funda 360 difuminado Samsung M51,3,6,180,0,0,0,0,0,1,0,0,0,0
Funda 360 difuminado Samsung M31,3,6,180,0,0,0,0,0,2,0,0,0,0
Case mate Samsung A31,3,6,150,0,0,0,0,5,2,3,4,0,0
Funda 360 3 piezas Samsung A51,3,6,180,0,0,0,0,0,0,1,0,0,0
Acrigel Samsung A31,3,6,130,0,0,0,0,0,0,0,0,0,0
Funda 360 3 piezas Samsung A32 5g,3,6,180,0,0,0,0,0,0,2,0,0,0
Tipo original Samsung A32 5g,3,6,150,0,0,0,0,0,0,2,0,0,0
Uso rudo Samsung A32 4g,3,6,180,0,0,0,0,0,0,1,0,0,0
Uso rudo Samsung A33,3,6,180,0,0,0,0,0,0,3,0,0,0
Acrigel Samsung A33 5g,3,6,130,0,0,0,0,0,1,1,0,0,0
Uso rudo Samsung A34 A34 5g,3,6,180,0,0,0,0,2,1,2,1,0,0
Acrigel con soporte Samsung A34,3,6,130,0,0,0,0,0,0,2,0,0,0
Acrigel Samsung A53 5g,3,6,130,0,0,0,0,0,0,1,0,0,0
Uso rudo Samsung A53,3,6,180,0,0,0,0,0,0,2,0,0,0
Funda 360 3 piezas Samsung A53 5g,3,6,180,0,0,0,0,0,0,0,0,0,0
Tipo original Samsung A5,3,6,150,0,0,0,0,0,0,0,0,0,0
Tipo original cristal Samsung A53,3,6,200,0,0,0,0,0,0,0,0,0,0
Uso rudo OPPO A54 4G,3,6,180,0,0,0,0,0,0,2,1,0,0
Case anillo Samsung A52,3,6,180,0,0,0,0,0,0,0,0,0,0
Case anillo Vivo  Y35 Y22 4g,3,6,180,0,0,0,0,0,0,1,0,0,0
Case anillo Vivo  Y15s Y15 4g,3,6,180,0,0,0,0,0,0,2,0,0,0
Case anillo Vivo  Y11 Y12 Y15,3,6,180,0,0,0,0,0,0,2,0,0,0
Case anillo Vivo  Y33 Y51,3,6,180,0,0,0,0,0,0,2,0,0,0
Tipo original Poco M4 pro 5G,3,6,150,0,0,0,0,2,0,2,0,0,0
Tipo original Poco X3 pro,3,6,150,0,0,0,0,0,0,1,0,0,0
Tipo original Realme C15,3,6,150,0,0,0,0,0,0,1,0,0,0
Tipo original Vivo Y20 Y11s,3,6,150,0,0,0,0,1,0,1,0,0,0
Tipo original One N100,3,6,150,0,0,0,0,2,0,0,0,0,0
Acrigel Realme C21,3,6,130,0,0,0,0,0,0,1,0,0,0
Funda 360 2 piezas Realme C21,3,6,180,0,0,0,0,0,0,0,1,0,0
Funda 360 2 piezas con dise�o Oppo A17,3,6,180,0,0,0,0,0,0,2,0,0,0
Acrigel con soporte Oppo A17,3,6,130,0,0,0,0,0,0,2,0,0,0
Funda 360 difuminado Oppo A72,3,6,180,0,0,0,0,2,0,0,0,0,0
Funda 360 Oppo A72,3,6,180,0,0,0,0,0,0,0,0,0,0
Case anillo Oppo A57 A77,3,6,180,0,0,0,0,0,1,0,1,0,0
Funda 360 3 piezas con dise�o Oppo A57 4g,3,6,180,0,0,0,0,0,0,1,0,0,0
Funda dise�o Oppo A57 4g,3,6,180,0,0,0,0,0,0,0,1,0,0
Case anillo Oppo A54 4g,3,6,180,0,0,0,0,0,0,0,0,0,0
Case anillo Oppo A15,3,6,180,0,0,0,0,0,0,1,0,0,0
Tipo original cristal Oppo A54,3,6,200,0,0,0,0,0,0,0,0,0,0
Case anillo Oppo A54 A16,3,6,180,0,0,0,0,0,0,0,0,0,0
Acrigel Oppo A53 A32,3,6,130,0,0,0,0,0,0,1,0,0,0
Funda 360 difuminado Oppo A53,3,6,180,0,0,0,0,0,0,1,0,0,0
Funda 360 difuminado Oppo Reno 6 lite,3,6,180,0,0,0,0,2,0,0,0,0,0
Funda 360 difuminado Reno 6 lite,3,6,180,0,0,0,0,0,0,0,0,0,0
Case anillo Oppo Reno 6 lite,3,6,180,0,0,0,0,0,0,0,0,0,0
Funda 360 3 piezas con dise�o Oppo Reno 7 4g,3,6,180,0,0,0,0,0,1,0,0,0,0
Case anillo Oppo reno 7 4g,3,6,180,0,0,0,0,1,1,1,0,0,0
Funda 360 3 piezas 3 piezas Oppo reno 6 lite,3,6,180,0,0,0,0,0,0,1,0,0,0
Tipo original Oppo Reno 5 lite,3,6,150,0,0,0,0,0,0,9,0,0,0
Case anillo Oppo Reno 5 lite,3,6,180,0,0,0,0,0,0,0,0,0,0
Case anillo Oppo reno 7 lite,3,6,180,0,0,0,0,0,0,0,0,0,0
Tipo original Xiaomi Redmi note 10 5g POCO M3 pro 5g,3,6,150,0,0,0,0,0,0,1,0,0,0
Acrigel Xiaomi Redmi Note 11 pro,3,6,130,0,0,0,0,1,0,1,1,0,0
Case anillo Xiaomi Redmi note 12 4g,3,6,180,0,0,0,0,0,0,3,0,0,0
Uso rudo Xiaomi redmi note 12 4g,3,6,180,0,0,0,0,0,0,2,0,0,0
Case anillo Xiaomi Redmi note 11s,3,6,180,0,0,0,0,0,0,2,0,0,0
Funda 360 3 piezas Xiaomi note 11s,3,6,180,0,0,0,0,0,0,1,0,0,0
Uso rudo Xiaomi note 12 5g,3,6,180,0,0,0,0,0,0,3,0,0,0
Uso rudo Xiaomi note 10,3,6,180,0,0,0,0,1,1,0,0,0,0
Funda 360 3 piezas Xiaomi note 10,3,6,180,0,0,0,0,0,0,0,0,0,0
Funda 360 2 piezas Xiaomi Redmi note 10,3,6,180,0,0,0,0,2,1,1,1,0,0
Tipo original Xiaomi Redmi note 8 Pro,3,6,150,0,0,0,0,0,0,2,0,0,0
Acrigel Xiaomi Redmi note 8 pro,3,6,130,0,0,0,0,0,0,1,0,0,0
Funda dise�o Xiaomi redmi note 9t M3,3,6,180,0,0,0,0,0,0,2,0,0,0
Uso rudo Xiaomi redmi note 9 pro,3,6,180,0,0,0,0,0,0,1,0,0,0
Acrigel Xiaomi redmi note 9 pro,3,6,130,0,0,0,0,0,0,1,0,0,0
Funda 3602 piezas Xiaomi note 9,3,6,180,0,0,0,0,0,0,0,0,0,0
Funda 360 3 piezas Xiaomi Redmi 9,3,6,180,0,0,0,0,0,0,3,0,0,0
Funda 360 3 piezas Xiaomi Redmi A1,3,6,180,0,0,0,0,1,0,2,0,0,0
Acrigel Xiaomi Mi A2 lite,3,6,130,0,0,0,0,0,0,1,0,0,0
Tipo original Xiaomi Mi A1,3,6,130,0,0,0,0,2,0,0,0,0,0
Tipo original Xiaomi Mi 11,3,6,150,0,0,0,0,1,0,2,0,0,0
Uso rudo Xiaomi Redmi 11T,3,6,180,0,0,0,0,0,1,2,0,0,0
Case anillo Xiaomi Redmi 10c,3,6,180,0,0,0,0,2,0,3,0,0,0
Case anillo Huawei Nova 10,3,6,180,0,0,0,0,0,0,4,0,0,0
TPU Huawei P smart 2019,3,6,80,0,0,0,0,0,0,3,0,0,0
Funda 360 2 piezas dise�o Huawei P smart 2020,3,6,180,0,0,0,0,0,0,3,0,0,0
Funda 360 2 piezas Huawei P smart,3,6,180,0,0,0,0,0,0,0,0,0,0
Tipo original Xiaomi Mi 10c Poco C40,3,6,150,0,0,0,0,0,0,4,0,0,0
Tipo original Xiaomi redmi 9,3,6,150,0,0,0,0,2,0,0,0,0,0
Tipo original Xiaomi redmi 9A,3,6,150,0,0,0,0,1,0,1,0,0,0
Funda 360 2 piezas Xiaomi Redmi 9A,3,6,180,0,0,0,0,1,2,0,1,0,0
Funda 360 3 piezas Xiaomi redmi 10C y 12C,3,6,180,0,0,0,0,3,0,3,1,0,0
Funda 360 3 piezas Xiaomi redmi 10,3,6,180,0,0,0,0,0,1,0,0,0,0
Funda 360 3 piezas Samsung M31,3,6,180,0,0,0,0,0,1,0,0,0,0
Funda 360 3 piezas Xiaomi redmi 10A,3,6,180,0,0,0,0,0,2,2,1,0,0
TPU Huawei P30 lite,3,6,80,0,0,0,0,0,0,1,0,0,0
Case anillo Huawei P30 ite,3,6,180,0,0,0,0,0,0,0,0,0,0
TPU Huawei P30 pro,3,6,80,0,0,0,0,0,0,1,0,0,0
Acrigel P40 pro,3,6,130,0,0,0,0,0,0,1,0,0,0
Funda 360 difuminado Huawei P40 lite Nova 6se Nova 7i,3,6,180,0,0,0,0,0,0,2,0,0,0
Case anillo Huawei Honor X6 X8 5g,3,6,180,0,0,0,0,0,0,0,0,0,0
Funda 360 3 piezas Huawei Honor X7A,3,6,180,0,0,0,0,0,0,0,0,0,0
Uso rudo Huawei Honor X7a,3,6,180,0,0,0,0,0,0,4,0,0,0
Uso rudo Huawei HR X7,3,6,180,0,0,0,0,0,0,0,0,0,0
Case anillo Huawei Honor X8,3,6,180,0,0,0,0,1,0,1,0,0,0
Uso rudo Huawei HR X9a 5g,3,6,180,0,0,0,0,0,0,3,0,0,0
Case anillo Huawei Honor X9,3,6,180,0,0,0,0,1,3,1,0,0,0
Funda 360 3 piezas Huawei Honor X9,3,6,180,0,0,0,0,0,0,0,0,0,0
Tipo original Huawei Honor 20,3,6,150,0,0,0,0,0,0,1,0,0,0
Case anillo Huawei Honor 50 Nova 9,3,6,180,0,0,0,0,1,1,2,0,0,0
Acrigel Huawei Nova 9 SE,3,6,130,0,0,0,0,1,0,1,1,0,0
Case mate Huawei Nova 8,3,6,150,0,0,0,0,1,2,1,0,0,0
Uso rudo Huawei Nova 7i,3,6,180,0,0,0,0,0,0,1,0,0,0
TPU Huawei Nova 5T,3,6,80,0,0,0,0,0,2,3,0,0,0
TPU Huawei Nova 3,3,6,80,0,0,0,0,0,0,1,0,0,0
Funda 360 2 piezas Huawei Nova 6SE Nova 7i,3,6,180,0,0,0,0,0,0,5,0,0,0
Funda 360 3 piezas Huawei Y60,3,6,180,0,0,0,0,0,0,3,0,0,0
Funda dise�o Huawei Y60,3,6,180,0,0,0,0,0,0,1,0,0,0
Acrigel Huawei Y60 Y70,3,6,130,0,0,0,0,0,1,2,1,0,0
Tipo original Huawei Y60,3,6,150,0,0,0,0,0,0,2,0,0,0
Funda 360 2 piezas Moto E6 plus,3,6,180,0,0,0,0,1,0,0,0,0,0
Funda 360 2 piezas Huawei Y6p 2022,3,6,180,0,0,0,0,0,0,1,0,0,0
Acrigel Huawei Y6s 2019,3,6,130,0,0,0,0,0,1,1,0,0,0
Funda 360 difuminado Huawei Y9 prime,3,6,180,0,0,0,0,1,1,2,0,0,0
Case anillo Huawei Y9 prime,3,6,180,0,0,0,0,1,3,3,0,0,0
Funda 360 3 piezas Huawei Y9 prime,3,6,180,0,0,0,0,0,0,1,1,0,0
Case metalico Huawei Y9 Prime,3,6,150,0,0,0,0,0,0,1,0,0,0
Case anillo Huawei Y9S,3,6,180,0,0,0,0,1,0,4,0,0,0
Funda 360 difuminado Huawei Y9S,3,6,180,0,0,0,0,1,0,2,0,0,0
Tipo original Huawei Y5 2019,3,6,150,0,0,0,0,0,0,1,0,0,0
TPU Huawei Y7 2017,3,6,80,0,0,0,0,0,0,0,0,0,0
Funda dise�o HUAWEI Y7 2019,3,6,180,0,0,0,0,0,0,2,0,0,0
Funda 360 3 piezas Huawei Y7a,3,6,180,0,0,0,0,1,0,1,0,0,0
Acrigel Huawei Y7A,3,6,130,0,0,0,0,1,0,3,0,0,0
Tipo original Huawei Y9a,3,6,150,0,0,0,0,0,0,1,0,0,0
Funda 360 Huawei Y9 prime,3,6,180,0,0,0,0,0,0,0,0,0,0
Funda rezagada Huawei ,3,6,50,0,0,0,0,0,0,0,0,0,0
Funda rezagada MOTO,3,6,50,0,0,0,0,0,0,0,0,0,0
Tipo original MOTO G7 play,3,6,150,0,0,0,0,0,0,2,0,0,0
Case 360  3 piezas MOTO G pure G play 2023,3,6,180,0,0,0,0,0,0,4,0,0,0
Funda dise�o MOTO Edge 20,3,6,180,0,0,0,0,0,0,1,0,0,0
Acrigel MOTO Edge 20,3,6,130,0,0,0,0,0,0,1,0,0,0
Tipo original MOTO Edge 20 lite,3,6,150,0,0,0,0,0,0,1,0,0,0
Acrigel MOTO Edge 20 lite,3,6,130,0,0,0,0,0,0,1,0,0,0
Tipo original MOTO One vision,3,6,150,0,0,0,0,0,0,1,0,0,0
Funda dise�o MOTO One vision P40,3,6,180,0,0,0,0,0,0,1,0,0,0
Tipo original MOTO E6 S,3,6,150,0,0,0,0,0,1,0,0,0,0
Tipo original MOTO E6 play,3,6,150,0,0,0,0,0,1,0,0,0,0
Tipo original MOTO E6 play plus,3,6,150,0,0,0,0,0,0,3,0,0,0
Case mate MOTO E6 plus,3,6,150,0,0,0,0,0,0,1,0,0,0
Acrigel MOTO E6s,3,6,130,0,0,0,0,0,0,1,1,0,0
Case mate MOTO E6 play,3,6,150,0,0,0,0,0,0,2,0,0,0
Tipo original MOTO E6 play ,3,6,150,0,0,0,0,0,0,3,0,0,0
Funda dise�o MOTO E7,3,6,180,0,0,0,0,0,0,2,0,0,0
Funda 360 3 piezas MOTO E7,3,6,180,0,0,0,0,0,0,1,1,0,0
Tipo original MOTO E7,3,6,150,0,0,0,0,0,1,1,3,0,0
Tipo original MOTO E7 2020,3,6,150,0,0,0,0,1,0,1,0,0,0
Funda 360 3 piezas MOTO E7 power,3,6,180,0,0,0,0,0,0,2,1,0,0
Funda dise�o MOTO E7i power,3,6,180,0,0,0,0,0,0,1,0,0,0
Funda 360 2 piezas MOTO E20,3,6,180,0,0,0,0,0,0,2,0,0,0
Uso rudo MOTO E20 E40,3,6,180,0,0,0,0,2,1,1,2,0,0
Case anillo MOTO E13,3,6,180,0,0,0,0,2,0,3,0,0,0
Funda dise�o 3 piezas MOTO E13,3,6,180,0,0,0,0,1,0,2,0,0,0
Uso rudo MOTO E13,3,6,180,0,0,0,0,0,0,4,0,0,0
Acrigel con soporte MOTO E22 E22i,3,6,130,0,0,0,0,0,0,0,0,0,0
Uso rudo MOTO E22 E22i,3,6,180,0,0,0,0,0,0,2,0,0,0
Case anillo MOTO E22 E22i,3,6,180,0,0,0,0,0,1,2,1,0,0
Funda 360 dise�o MOTO E22 E22i,3,6,180,0,0,0,0,0,0,1,0,0,0
Funda 360 3 piezas MOTO E32 E32s G22,3,6,180,0,0,0,0,0,0,3,4,0,0
Case anillo MOTO E32 E32s G22,3,6,180,0,0,0,0,0,0,2,0,0,0
Tipo original MOTO E32 E32s G22,3,6,150,0,0,0,0,3,0,1,0,0,0
Uso rudo MOTO G13,3,6,180,0,0,0,0,1,2,3,0,0,0
Acrigel MOTO G8 play,3,6,130,0,0,0,0,1,0,1,0,0,0
Tipo original MOTO G8 play,3,6,150,0,0,0,0,0,0,0,0,0,0
Case anillo MOTO G8 play,3,6,180,0,0,0,0,0,0,0,0,0,0
Funda 360 difuminado MOTO G8 power,3,6,180,0,0,0,0,0,0,0,0,0,0
Case mate MOTO G8 plus,3,6,150,0,0,0,0,0,0,1,0,0,0
Case mate MOTO G8 power lite,3,6,150,0,0,0,0,0,0,1,7,0,0
Funda dise�o MOTO G8 power lite,3,6,180,0,0,0,0,0,1,0,0,0,0
Funda 360 3 piezas MOTO G8 power lite,3,6,180,0,0,0,0,0,0,1,1,0,0
Funda 360 difuminado MOTO G9 play,3,6,180,0,0,0,0,0,0,0,0,0,0
Funda dise�o MOTO G9 plus,3,6,180,0,0,0,0,0,0,0,0,0,0
Tipo original MOTO G9 power,3,6,150,0,0,0,0,0,0,0,0,0,0
Funda 360 3 piezas MOTO G9 power,3,6,180,0,0,0,0,0,0,0,0,0,0
Acrigel MOTO G10 G20 G30,3,6,130,0,0,0,0,0,1,3,1,0,0
Case anillo MOTO G22,3,6,180,0,0,0,0,0,3,1,0,0,0
Tipo original MOTO G32,3,6,150,0,0,0,0,1,1,2,0,0,0
Funda 360 3 piezas MOTO G32,3,6,180,0,0,0,0,0,0,2,0,0,0
Acrigel MOTO G42,3,6,130,0,0,0,0,0,0,1,0,0,0
Case anillo MOTO G32,3,6,180,0,0,0,0,0,1,2,0,0,0
Acrigel MOTO G31 G41,3,6,130,0,0,0,0,1,2,1,1,0,0
Funda 360 3 piezas MOTO G31 G41,3,6,180,0,0,0,0,0,0,1,0,0,0
Uso rudo MOTO G31 G41,3,6,180,0,0,0,0,1,2,2,0,0,0
Tipo original MOTO G31 G41,3,6,150,0,0,0,0,2,0,4,0,0,0
Tipo original MOTO G50,3,6,150,0,0,0,0,0,1,4,0,0,0
Funda 360 dise�o MOTO G50,3,6,180,0,0,0,0,0,2,0,0,0,0
Case anillo MOTO G50 5g,3,6,180,0,0,0,0,0,0,2,0,0,0
Acrigel MOTO G50 5g,3,6,130,0,0,0,0,1,1,1,0,0,0
Tipo original MOTO G51,3,6,150,0,0,0,0,0,0,2,0,0,0
Uso rudo MOTO G52,3,6,180,0,0,0,0,1,0,2,0,0,0
Funda 360 3 piezas MOTO G51 5g,3,6,180,0,0,0,0,0,0,1,0,0,0
Acrigel con soporte MOTO G53,3,6,130,0,0,0,0,0,0,0,0,0,0
Acrigel con soporte MOTO G72,3,6,130,0,0,0,0,0,0,0,0,0,0
Tipo original MOTO G60s,3,6,150,0,0,0,0,0,0,4,0,0,0
Acrigel MOTO G60,3,6,130,0,0,0,0,0,1,1,0,0,0
Case mate MOTO G60,3,6,150,0,0,0,0,0,0,0,0,0,0
Funda 360 3 piezas LG Stylo 6,3,6,180,0,0,0,0,0,0,0,0,0,0
Funda 360 difuminado LG K51,3,6,180,0,0,0,0,0,0,0,1,0,0
Case anillo LG K51,3,6,180,0,0,0,0,0,0,0,0,0,0
Uso rudo ZTE Blade L220 3g,3,6,180,0,0,0,0,0,0,0,0,0,0
Funda dise�o ZTE L210,3,6,180,0,0,0,0,0,1,0,0,0,0
Uso rudo ZTE L8,3,6,180,0,0,0,0,0,0,0,0,0,0
Tipo original ZTE A7s 2020,3,6,150,0,0,0,0,0,1,0,0,0,0
Tipo original ZTE V30 vita,3,6,150,0,0,0,0,0,0,0,0,0,0
Case anillo ZTE V30 vita,3,6,180,0,0,0,0,0,0,0,0,0,0
Case anillo ZTE A52 ,3,6,180,0,0,0,0,0,0,0,0,0,0
Tipo original ZTE Blade A51,3,6,150,0,0,0,0,2,0,0,0,0,0
TPU iPhone 5,3,6,80,0,0,0,0,0,0,0,0,0,0
Funda dise�o iPhone 5,3,6,180,0,0,0,0,0,0,0,0,0,0
Funda rezagada iPhone 7 y 8 plus,3,6,50,0,0,0,0,0,0,0,0,0,0
Funda rezagada ZTE,3,6,50,0,0,0,0,0,0,0,0,0,0
Funda rezagada LG,3,6,50,0,0,0,0,0,0,0,0,0,0
Funda rezagada Nokia,3,6,50,0,0,0,0,0,0,0,0,0,0
Funda rezagada Alcatel,3,6,50,0,0,0,0,0,0,0,0,0,0
Funda rezagada Huawei,3,6,50,0,0,0,0,0,0,0,0,0,0
Funda dise�o iPhone X XS ,3,6,180,0,0,0,0,0,1,0,0,0,0
Funda 360 3 piezas iPhone X,3,6,180,0,0,0,0,0,0,0,0,0,0
Acrigel iPhone X XS,3,6,130,0,0,0,0,1,0,0,4,0,0
Case anillo iPhone 11,3,6,180,0,0,0,0,2,0,0,0,0,0
Acrigel con soporte iPhone 11,3,6,130,0,0,0,0,0,0,0,0,0,0
Funda dise�o iPhone 11,3,6,180,0,0,0,0,0,1,0,0,0,0
Funda dise�o 2 piezas iPhone 11,3,6,180,0,0,0,0,0,0,0,0,0,0
Funda dise�o 3 piezas iPhone 11,3,6,180,0,0,0,0,0,0,0,0,0,0
Acrigel iPhone 11,3,6,130,0,0,0,0,0,0,0,1,0,0
Case mate iPhone 11 pro max,3,6,180,0,0,0,0,1,1,0,0,0,0
Funda 360 3 piezas iPhone 11 pro max,3,6,180,0,0,0,0,0,0,0,0,0,0
Funda dise�o iPhone XS max,3,6,180,0,0,0,0,0,0,0,0,0,0
Tipo original iPhone XS max,3,6,150,0,0,0,0,0,1,0,0,0,0
Funda 360 3 piezas iPhone 12 y 12 pro,3,6,180,0,0,0,0,0,1,0,0,0,0
Funda dise�o iPhone 12 y 12 pro,3,6,180,0,0,0,0,0,0,0,0,0,0
Funda difuminado iPhone 12s pro,3,6,180,0,0,0,0,0,0,0,0,0,0
Funda 360 3 piezas iPhone 12 pro max,3,6,180,0,0,0,0,0,0,0,0,0,0
Funda 360 2 piezas iPhone 12 pro max,3,6,180,0,0,0,0,0,2,0,0,0,0
Tipo original iPhone 12 pro max,3,6,150,0,0,0,0,0,1,0,0,0,0
Funda difuminado iPhone 12 mini,3,6,180,0,0,0,0,0,0,0,0,0,0
Acrigel iPhone 12 mini,3,6,130,0,0,0,0,0,0,0,0,0,0
Acrigel iPhone 13 pro,3,6,130,0,0,0,0,1,1,0,0,0,0
Funda 360 2 piezas iPhone 13 pro,3,6,180,0,0,0,0,0,0,0,0,0,0
Funda dise�o iPhone 13 pro,3,6,180,0,0,0,0,0,0,0,0,0,0
Funda dise�o 3 piezas iPhone 13 ,3,6,180,0,0,0,0,0,0,0,0,0,0
Tipo original iPhone 13 pro max,3,6,150,0,0,0,0,1,0,0,0,0,0
Funda difuminado iPhone 13 pro max,3,6,180,0,0,0,0,0,0,0,0,0,0
Case anillo iPhone 13 pro max,3,6,180,0,0,0,0,0,0,0,0,0,0
Funda 360 3 piezas iPhone 14 pro max,3,6,180,0,0,0,0,0,0,0,0,0,0
Funda 360 3 piezas iPhone 14 plus y  max,3,6,180,0,0,0,0,0,0,0,0,0,0
TPU iPhone 14 plus y max,3,6,80,0,0,0,0,0,2,3,0,0,0
Funda 360 2 piezas iPhone 14 plus y max,3,6,180,0,0,0,0,0,0,0,0,0,0
Funda 360 3 piezas iPhone 14,3,6,180,0,0,0,0,0,0,0,0,0,0
TPU iPhone 14,3,6,80,0,0,0,0,0,2,3,0,0,0
Tipo original cristal iPhone 14 pro,3,6,200,0,0,0,0,0,0,0,0,0,0
TPU iPhone 14 pro ,3,6,80,0,0,0,0,0,2,3,0,0,0
Acrigel iPhone 14 pro,3,6,130,0,0,0,0,0,0,0,2,0,0
Funda para agua ,3,6,60,0,0,0,20,4,4,7,0,0,0
Funda para iPad 2 3 y 4 rezagada,3,6,120,0,0,0,0,0,0,5,0,0,0
Robot Nokia 5.1,3,6,130,0,0,0,0,0,1,1,0,0,0
Robot Nokia 6.1,3,6,130,0,0,0,0,0,0,0,0,0,0
Robot Nokia 3.1,3,6,130,0,0,0,0,0,1,1,0,0,0
Robot Sony L1,3,6,130,0,0,0,0,0,1,0,0,0,0
Robot Sony XA 1 plus,3,6,130,0,0,0,0,0,0,1,0,0,0
Robot Sony M2 aqua,3,6,130,0,0,0,0,0,0,1,0,0,0
Robot Sony E5,3,6,130,0,0,0,0,0,1,0,0,0,0
Robot Sony C5 C5 ULTRA,3,6,130,0,0,0,0,0,1,0,0,0,0
Robot Sony XZ,3,6,130,0,0,0,0,0,1,1,0,0,0
Robot Sony XZ1,3,6,130,0,0,0,0,0,1,1,0,0,0
Robot Sony X compact F5321,3,6,130,0,0,0,0,0,0,1,0,0,0
Robot Sony XZ F830,3,6,130,0,0,0,0,0,0,0,0,0,0
Robot Sony XA2,3,6,130,0,0,0,0,0,0,1,0,0,0
Robot Hisense U3,3,6,130,0,0,0,0,0,1,1,0,0,0
Robot Hisense V3,3,6,130,0,0,0,0,0,1,1,1,0,0
Robot Hisense H30,3,6,130,0,0,0,0,0,1,1,1,0,0
Robot Hisense F23,3,6,130,0,0,0,0,0,1,0,2,0,0
Robot Hisense F23 plus,3,6,130,0,0,0,0,0,1,3,2,0,0
Robot Hisense U7,3,6,130,0,0,0,0,0,0,0,0,0,0
Robot Hisense U8,3,6,130,0,0,0,0,0,0,0,0,0,0
Robot M4 SS4458R,3,6,130,0,0,0,0,0,1,2,0,0,0
Robot M4 B2,3,6,130,0,0,0,0,0,2,1,2,0,0
Robot M4 B4,3,6,130,0,0,0,0,0,0,0,0,0,0
Robot M4 M5,3,6,130,0,0,0,0,0,0,1,2,0,0
Robot M4 M1,3,6,130,0,0,0,0,0,0,2,2,0,0
Robot Lanix LT510,3,6,130,0,0,0,0,0,0,2,0,0,0
Robot Lanix X710,3,6,130,0,0,0,0,0,0,1,0,0,0
Robot Lanix X530,3,6,130,0,0,0,0,0,1,1,0,0,0
Robot Lanix X520,3,6,130,0,0,0,0,0,1,2,2,0,0
Robot Lanix M1,3,6,130,0,0,0,0,0,1,0,0,0,0
Robot Lanix M5,3,6,130,0,0,0,0,0,1,0,0,0,0
Robot Lanix LT520,3,6,130,0,0,0,0,0,1,0,0,0,0
Robot Lanix X510,3,6,130,0,0,0,0,0,0,0,0,0,0
Robot Htc 626,3,6,130,0,0,0,0,0,1,2,0,0,0
Robot Lenovo K5,3,6,130,0,0,0,0,0,1,1,0,0,0
Robot Lenovo A1010,3,6,130,0,0,0,0,0,0,1,0,0,0
Robot LG K11 plus,3,6,130,0,0,0,0,0,0,0,0,0,0
Robot LG K11,3,6,130,0,0,0,0,0,1,1,0,0,0
Robot LG K11 2018,3,6,130,0,0,0,0,0,0,1,0,0,0
Robot LG K9 2018,3,6,130,0,0,0,0,0,0,1,0,0,0
Robot LG K22 plus,3,6,130,0,0,0,0,0,0,1,0,0,0
Robot LG Q7 plus,3,6,130,0,0,0,0,0,0,1,0,0,0
Robot LG K505,3,6,130,0,0,0,0,0,1,0,0,0,0
Robot LG X5,3,6,130,0,0,0,0,0,0,1,0,0,0
Robot LG Stylus 3,3,6,130,0,0,0,0,0,1,0,0,0,0
Robot LG Stylo 5,3,6,130,0,0,0,0,0,1,0,0,0,0
Robot LG Q6 prime,3,6,130,0,0,0,0,0,1,0,0,0,0
Robot LG Q7 2018,3,6,130,0,0,0,0,0,1,0,0,0,0
Robot LG Bello 2,3,6,130,0,0,0,0,0,1,0,0,0,0
Robot LG X venture,3,6,130,0,0,0,0,0,1,0,0,0,0
Robot LG XS Max ,3,6,130,0,0,0,0,0,1,0,0,0,0
Robot ZTE Blade L5,3,6,130,0,0,0,0,0,0,1,0,0,0
Robot ZTE Blade A530,3,6,130,0,0,0,0,0,1,1,1,0,0
Robot ZTE Blade A5 2019,3,6,130,0,0,0,0,0,1,1,0,0,0
Robot ZTE Blade L8 A5 2020,3,6,130,0,0,0,0,0,0,1,0,0,0
Robot ZTE Blade V7,3,6,130,0,0,0,0,0,1,1,2,0,0
Robot ZTE Blade V6 plus,3,6,130,0,0,0,0,0,1,1,0,0,0
Robot ZTE Blade V8 Q,3,6,130,0,0,0,0,0,1,1,0,0,0
Robot ZTE Blade V8 se V8 lite,3,6,130,0,0,0,0,0,1,1,0,0,0
Robot ZTE Blade V6 max,3,6,130,0,0,0,0,0,1,1,0,0,0
Robot ZTE Blade V9,3,6,130,0,0,0,0,0,1,1,0,0,0
Robot ZTE Blade V9 vita,3,6,130,0,0,0,0,2,1,3,4,0,0
Robot Poco M3,3,6,130,0,0,0,0,0,0,1,0,0,0
Robot Xiaomi Redmi note 5a,3,6,130,0,0,0,0,1,0,1,0,0,0
Robot Xiaomi Redmi note 5,3,6,130,0,0,0,0,0,0,1,0,0,0
Robot Xiaomi Redmi note 5 plus,3,6,130,0,0,0,0,0,0,1,0,0,0
Robot Oppo Reno 6 lite,3,6,130,0,0,0,0,0,0,0,0,0,0
Robot Oppo A12,3,6,130,0,0,0,0,0,1,0,0,0,0
Robot Oppo M3,3,6,130,0,0,0,0,0,1,0,0,0,0
Robot Oppo Reno 5 lite,3,6,130,0,0,0,0,0,1,1,1,0,0
Robot Samsung Note 3,3,6,130,0,0,0,0,0,0,1,0,0,0
Robot Samsung S9,3,6,130,0,0,0,0,0,0,1,0,0,0
Robot Samsung S10 lite,3,6,130,0,0,0,0,2,0,0,0,0,0
Robot Samsung S10 plus,3,6,130,0,0,0,0,0,0,1,0,0,0
Robot Samsung A04,3,6,130,0,0,0,0,1,0,0,0,0,0
Robot Samsung A03 core,3,6,130,0,0,0,0,0,0,1,0,0,0
Robot Samsung A09 2018,3,6,130,0,0,0,0,0,0,1,0,0,0
Robot Samsung A12,3,6,130,0,0,0,0,0,0,1,0,0,0
Robot Samsung A10s,3,6,130,0,0,0,0,1,0,0,0,0,0
Robot Samsung A10,3,6,130,0,0,0,0,1,0,1,0,0,0
Robot Samsung A13 5g,3,6,130,0,0,0,0,0,0,1,0,0,0
Robot Samsung A20e,3,6,130,0,0,0,0,0,0,2,0,0,0
Robot Samsung M20,3,6,130,0,0,0,0,0,0,1,0,0,0
Robot Samsung A20s,3,6,130,0,0,0,0,0,3,1,3,0,0
Robot Samsung A21,3,6,130,0,0,0,0,0,|,2,0,0,0
Robot Samsung A22 4g,3,6,130,0,0,0,0,0,0,1,1,0,0
Robot Samsung A50s,3,6,130,0,0,0,0,0,0,1,0,0,0
Robot Samsung A52 5g,3,6,130,0,0,0,0,0,0,2,0,0,0
Robot Samsung A70,3,6,130,0,0,0,0,0,0,1,0,0,0
Robot Samsung A71,3,6,130,0,0,0,0,1,0,1,1,0,0
Robot Samsung A80 A90,3,6,130,0,0,0,0,0,0,1,2,0,0
Robot Samsung J6,3,6,180,0,0,0,0,1,0,0,0,0,0
Robot Samsung J5 pro,3,6,130,0,0,0,0,0,0,1,0,0,0
Robot Samsung J5 2017,3,6,130,0,0,0,0,0,0,1,0,0,0
Robot Samsung J7 2016,3,6,130,0,0,0,0,0,0,1,0,0,0
Robot Samsung J7 2018,3,6,130,0,0,0,0,0,0,1,0,0,0
Robot Moto E,3,6,130,0,0,0,0,0,4,4,0,0,0
Robot Moto E6,3,6,130,0,0,0,0,1,0,3,1,0,0
Robot Moto E6 play,3,6,130,0,0,0,0,1,1,0,0,0,0
Robot Moto E6 plus,3,6,130,0,0,0,0,0,2,0,0,0,0
Robot Moto E7   ,3,6,130,0,0,0,0,0,2,0,0,0,0
Robot Moto one action,3,6,130,0,0,0,0,0,1,6,0,0,0
Robot Moto edge,3,6,130,0,0,0,0,0,1,1,1,0,0
Robot Moto G1,3,6,130,0,0,0,0,0,2,0,0,0,0
Robot Moto G5 plus,3,6,130,0,0,0,0,0,1,0,0,0,0
Robot Moto G8 play,3,6,130,0,0,0,0,1,0,1,1,0,0
Robot Moto G9 play,3,6,130,0,0,0,0,1,1,0,1,0,0
Robot Moto G8 plus,3,6,130,0,0,0,0,0,2,0,3,0,0
Robot Moto G31 5g,3,6,130,0,0,0,0,1,0,0,0,0,0
Robot Moto E7 power,3,6,130,0,0,0,0,0,0,1,0,0,0
Robot Moto Z,3,6,130,0,0,0,0,0,0,1,0,0,0
Robot Moto X4 2017,3,6,130,0,0,0,0,0,0,2,0,0,0
Robot Moto XT1032,3,6,130,0,0,0,0,0,0,2,0,0,0
Robot Huawei Y9s,3,6,130,0,0,0,0,0,0,0,0,0,0
Robot Huawei Y9 2018,3,6,130,0,0,0,0,0,1,0,2,0,0
Robot Huawei Y9 PRIME,3,6,130,0,0,0,0,0,0,0,1,0,0
Robot Huawei Y9 2019,3,6,130,0,0,0,0,0,1,1,0,0,0
Robot Huawei Y5 2019,3,6,130,0,0,0,0,2,3,0,2,0,0
Robot Huawei Y5 pro,3,6,130,0,0,0,0,0,0,1,0,0,0
Robot Huawei Y5 lite 2018,3,6,130,0,0,0,0,0,0,1,0,0,0
Robot Huawei Y6 pro 2019,3,6,130,0,0,0,0,0,1,1,0,0,0
Robot Huawei P20 lite,3,6,130,0,0,0,0,0,1,3,1,0,0
Robot Huawei P30 lite,3,6,130,0,0,0,0,0,0,1,0,0,0
Robot Huawei Mate 20 pro,3,6,130,0,0,0,0,0,1,0,0,0,0
Robot Huawei Mate 30,3,6,130,0,0,0,0,0,0,1,0,0,0
Robot Huawei Mate 30 pro,3,6,130,0,0,0,0,0,0,1,0,0,0
Robot Huawei Mate 8,3,6,130,0,0,0,0,0,1,2,0,0,0
Robot Huawei Y6 25,3,6,130,0,0,0,0,0,0,1,0,0,0
Robot Huawei G elite plus,3,6,130,0,0,0,0,0,0,1,0,0,0
Robot Huawei Nova 4,3,6,130,0,0,0,0,0,0,1,0,0,0
Robot Huawei Nova 5t,3,6,130,0,0,0,0,0,1,0,0,0,0
Robot Huawei Nova 5i,3,6,130,0,0,0,0,0,1,1,2,0,0
Robot Alcatel 4027,3,6,130,0,0,0,0,0,0,1,0,0,0
Robot Alcatel 5001a,3,6,130,0,0,0,0,0,0,1,0,0,0
Robot Alcatel 5010,3,6,130,0,0,0,0,0,1,2,2,0,0
Robot Alcatel 5024,3,6,130,0,0,0,0,0,1,0,0,0,0
Robot Alcatel 5026,3,6,130,0,0,0,0,0,1,1,0,0,0
Robot Alcatel 5044,3,6,130,0,0,0,0,0,0,1,0,0,0
Robot Alcatel 5054,3,6,130,0,0,0,0,0,1,0,0,0,0
Robot Alcatel 4047,3,6,130,0,0,0,0,0,0,0,1,0,0
Robot Alcatel 5058,3,6,130,0,0,0,0,0,1,0,0,0,0
Robot Alcatel 5051,3,6,130,0,0,0,0,0,0,2,0,0,0
Robot Alcatel A3 plus,3,6,130,0,0,0,0,0,1,0,0,0,0
Robot Alcatel U5 plus ,3,6,130,0,0,0,0,0,1,0,0,0,0
Robot Alcatel 3C 2019,3,6,130,0,0,0,0,0,1,0,0,0,0
Robot Alcatel 1X 2019,3,6,130,0,0,0,0,0,1,1,2,0,0
Diadema inalambrica 1Hora AUT202,2,1,450,0,0,0,5,2,2,5,3,0,0
Diadema inalambrica Stelau orejas de gato,2,6,430,0,0,0,0,2,1,0,0,0,0
Diadema inalambrica Catear orejas de gato,2,6,43,0,0,0,0,0,0,1,0,0,0
Diadema inalambrica KBOD,2,6,400,0,0,0,0,0,0,1,0,0,0
Diadema inalambrica Hello kitty Stitch,2,6,450,0,0,0,0,0,2,1,0,0,0
Diadema inalambrica Bose,2,6,450,0,0,0,0,0,0,1,1,0,0
Diadema inalambrica Dinosaurio,2,6,400,0,0,0,0,0,2,0,0,0,0
Diadema inalambrica Y08,2,6,200,0,0,0,0,0,0,1,0,0,0
Diadema inalambrica Moreka ST3,2,6,170,0,0,0,0,0,0,0,1,0,0
Diadema inalambrica Moreka ST2,2,6,180,0,0,0,0,0,0,3,0,0,0
Diadema Gamer GM006,2,6,280,0,0,0,0,0,0,0,1,0,0
Diadema Gamer Moreka G10,2,6,200,0,0,0,0,2,2,3,1,0,0
Celular Samsung prime ,7,6,700,0,0,0,0,0,0,0,0,0,0
Protector universal para tabet 10.1P,2,6,220,0,0,0,0,0,1,0,0,0,0
Tablet Stylos 3g,7,3,2800,0,0,0,0,0,0,1,1,0,0
Celular Alcatel 5033,7,6,1900,0,0,0,0,0,1,1,0,0,0
Celular ZTE L9,7,6,1900,0,0,0,0,0,0,1,1,0,0
Celular ZTE V30,7,6,2900,0,0,0,0,0,0,1,0,0,0
Celular MOTO E13,7,6,2900,0,0,0,0,0,0,1,0,0,0
Celular Samsung A04E,7,6,2400,0,0,0,0,0,0,1,0,0,0
Kit limpia pantallas Chico,2,6,45,0,0,0,1,1,1,3,0,0,0
Kit limpia pantallas Grande,2,6,90,0,0,0,3,1,1,1,0,0,0
Limpia pantallas,2,6,70,0,0,0,0,0,2,2,0,0,0
Kit teclado 2 en 1 YeiYan ,1,6,800,0,0,0,0,0,0,1,0,0,0
Kit teclado 4 en 1 K10,1,6,650,0,0,0,0,0,1,0,0,0,0
Kit teclado 4 en 1 K60,1,6,900,0,0,0,0,1,0,2,0,0,0
Teclado Acteck estandar Entry 310,1,2,130,0,0,0,0,0,0,1,0,0,0
Teclado Acteck MK210,1,2,220,0,0,0,0,0,0,1,0,0,0
Teclado Acteck led,1,2,270,0,0,0,0,0,1,1,0,0,0
Teclado verbatim,1,6,200,0,0,0,0,1,1,1,2,0,0
Mouse Gamer vorago ,1,6,300,0,0,0,0,0,0,1,0,0,0
Mouse Gamer Balam Rush,1,6,400,0,0,0,0,0,0,1,0,0,0
Mouse Gamer Jite,1,6,250,0,0,0,0,0,0,0,2,0,0
Bocinas para PC Acteck A5215,1,2,220,0,0,0,0,0,0,1,0,0,0
Bocinas Vorago 105,1,6,220,0,0,0,0,0,0,1,0,0,0
Adaptador inalambrico TP link ,1,6,200,0,0,0,0,0,0,1,0,0,0
Bocinas Vorago 107,1,6,280,0,0,0,0,0,0,1,0,0,0
Transmisor FM 1 puerto Usb,2,6,130,0,0,0,15,4,3,0,0,0,0
Transmisor FM 2 puerto Usb,2,6,150,0,0,0,5,3,3,0,0,0,0
Megafono LYBS09,1,6,180,0,0,0,3,4,4,10,4,0,0
Bocina MRF68,1,6,220,0,0,0,0,0,0,1,0,0,0
Bocina TM5115,1,6,180,0,0,0,0,0,0,2,0,0,0
Bocina M314,1,6,250,0,0,0,0,0,0,3,0,0,0
Bocina M352,1,6,220,0,0,0,0,0,0,0,0,0,0
Bocina M CLIP 5,1,6,250,0,0,0,0,0,0,1,0,0,0
Bocina MS2202BT,1,6,200,0,0,0,0,1,0,2,1,0,0
Bocina L22,1,6,280,0,0,0,0,0,0,1,0,0,0
Bocina GT111,1,6,180,0,0,0,0,0,0,1,0,0,0
Bocina 112,1,6,200,0,0,0,0,0,0,2,0,0,0
Bocina MS2678BT,1,6,350,0,0,0,2,1,1,1,1,0,0
Bocina XM20 ,1,6,300,0,0,0,0,0,0,1,0,0,0
Bocina JB5002,1,6,130,0,0,0,0,0,0,2,0,0,0
Bocina JB5002,1,6,130,0,0,0,0,0,0,0,0,0,0
Bocina MS1655BT,1,6,170,0,0,0,3,1,0,0,0,0,0
Bocina MS1656BT,1,6,170,0,0,0,1,1,3,0,2,0,0
Bocina MS1657BT,1,6,170,0,0,0,0,0,0,0,0,0,0
Bocina MS1658BT,1,6,180,0,0,0,1,1,0,1,1,0,0
Bocina JC312,1,6,250,0,0,0,0,0,0,3,0,0,0
Bocina F18,1,6,210,0,0,0,0,0,0,6,0,0,0
Bocina MS1718BT,1,6,180,0,0,0,0,0,0,1,0,0,0
Bocina MS1702BT,1,6,190,0,0,0,0,0,0,3,0,0,0
Bocina HL168,1,6,250,0,0,0,0,0,0,12,0,0,0
Bocina MS523BT,1,6,220,0,0,0,0,0,0,2,0,0,0
Bocina HL185,1,6,280,0,0,0,0,0,0,1,0,0,0
Bocina MS1914BT,1,6,390,0,0,0,0,0,0,1,0,0,0
Bocina MS297BT,1,6,300,0,0,0,0,0,0,2,0,0,0
Bocina MS294BT,1,6,300,0,0,0,0,0,0,0,0,0,0
Bocina MS291BT,1,6,320,0,0,0,0,0,0,2,0,0,0
Bocina MS298BT,1,6,300,0,0,0,0,0,0,0,0,0,0
Bocina MS169BT,1,6,400,0,0,0,0,0,0,1,0,0,0
Soporte para celular PRO MV STENTS,2,6,280,0,0,0,0,0,0,1,1,0,0
Centro de carga Samsung prime,5,6,150,0,0,0,0,0,6,0,0,0,0
Centro de carga Moto G,5,6,150,0,0,0,0,0,19,0,0,0,0
Centro de carga Moto G5,5,6,150,0,0,0,0,0,3,0,0,0,0
Centro de carga Alcatel invertido,5,6,150,0,0,0,0,0,16,0,0,0,0
Centro de carga ZTE L2,5,6,150,0,0,0,0,0,5,0,0,0,0
Centro de carga ZTE V6,5,6,150,0,0,0,0,0,5,0,0,0,0
Centro de carga MOTO G3,5,6,150,0,0,0,0,0,0,0,0,0,0
Centro de carga LG L80,5,6,150,0,0,0,0,0,6,0,0,0,0
Centro de carga LG L5,5,6,150,0,0,0,0,0,0,0,0,0,0
Centro de carga MOTO G5 PLUS,5,6,150,0,0,0,0,0,4,0,0,0,0
Centro de carga ALCATEL C7,5,6,150,0,0,0,0,0,0,0,0,0,0
Centro de carga UNIVERSAL,5,6,150,0,0,0,0,0,3,0,0,0,0
Centro de carga J6 PRIME,5,6,150,0,0,0,0,0,8,0,0,0,0
Centro de carga SAMSUNG FAME,5,6,150,0,0,0,0,0,0,0,0,0,0
Centro de carga SAMSUNG T500 tablet,5,6,250,0,0,0,0,0,0,0,0,0,0
Centro de carga SAMSUNG J7 J5 PRIME A10,5,6,150,0,0,0,0,0,0,0,0,0,0
Centro de carga SAMSUNG S3 MINI S4 ACE,5,6,150,0,0,0,0,0,0,0,0,0,0
Centro de carga XIAOMI REDMI 9A,5,6,150,0,0,0,0,0,0,0,0,0,0
Centro de carga MOTO G7 POWER,5,6,250,0,0,0,0,0,0,0,0,0,0
Centro de carga SAMSUNG A11,5,6,250,0,0,0,0,0,0,0,0,0,0
Centro de carga SAMSUNG A20 A30 A50,5,6,250,0,0,0,0,0,0,0,0,0,0
Centro de carga MOTO G7 G8,5,6,250,0,0,0,0,0,0,0,0,0,0
Centro de carga VARIOS TIPOS C,5,6,250,0,0,0,0,0,0,0,0,0,0
Centro de carga SONY T2 ULTRA,5,6,150,0,0,0,0,0,0,0,0,0,0
Centro de carga MOTO G4,5,6,150,0,0,0,0,0,0,0,0,0,0
Botones para tablet,5,6,150,0,0,0,0,0,0,0,0,0,0
Microfono varios,5,6,170,0,0,0,0,0,3,0,0,0,0
Placa centro de carga G7 power ,5,6,350,0,0,0,0,0,0,0,0,0,0
Placa centro de carga Moto E20,5,6,350,0,0,0,0,0,0,0,0,0,0
Placa centro de carga G8 play,5,6,350,0,0,0,0,0,0,0,0,0,0
Placa centro de carga E7 plus,5,6,350,0,0,0,0,0,0,0,0,0,0
Placa centro de carga G9 plus,5,6,350,0,0,0,0,0,0,0,0,0,0
Placa centro de carga G9 power,5,6,350,0,0,0,0,0,1,0,0,0,0
Placa centro de carga Moto E7,5,6,350,0,0,0,0,0,0,0,0,0,0
Placa centro de carga Moto G20,5,6,350,0,0,0,0,0,0,0,0,0,0
Placa centro de carga SAMSUNG A21S,5,6,350,0,0,0,0,0,0,0,0,0,0
Altavoz universal,5,6,170,0,0,0,0,0,0,0,0,0,0
Flex encendido Moto G5,5,6,250,0,0,0,0,0,0,0,0,0,0
Flexor interconexion Moto G6 play,5,6,200,0,0,0,0,0,0,0,0,0,0
Lente camara Samsung S9 plus,5,6,300,0,0,0,0,0,0,0,0,0,0
Lente camara Samsung A21s,5,6,250,0,0,0,0,0,0,0,0,0,0
Bateria iPhone XS max,2,6,500,0,0,0,0,0,0,0,0,0,0
Bateria MOTO Gk40,2,6,220,0,0,0,0,2,3,2,0,0,0
Bateria Samsung prime G530,2,6,170,0,0,0,0,0,0,2,0,0,0
Bateria ZTE A5 2019 A3 2020 L210,2,6,220,0,0,0,0,0,1,0,0,0,0
Bateria MOTO JE30,2,6,250,0,0,0,0,0,0,0,0,0,0
Bateria SAMSUNG J1 EB-BJ100BBE,2,6,180,0,0,0,0,0,0,0,0,0,0
Bateria SAMSUNGJ1 ACE EB-BJ111ABE,2,6,180,0,0,0,0,0,0,0,0,0,0
Bateria SAMSUNG S3 EB-L1G6LLU,2,6,150,0,0,0,0,0,0,0,0,0,0
Bateria SAMSUNG CORE 2 EB585157LU,2,6,150,0,0,0,0,0,0,0,0,0,0
Bateria SAMSUNG NOTE 3 B800BE,2,6,200,0,0,0,0,0,0,0,0,0,0
Bateria SAMSUNG J5 METAL EB-BJ510CBC,2,6,220,0,0,0,0,0,0,0,0,0,0
Bateria LG Q6 PRIME BL-T33,2,6,350,0,0,0,0,0,0,0,0,0,0
Bateria LG XMAX BL-42D1FA,2,6,200,0,0,0,0,0,0,0,0,0,0
Bateria LG L80 L90 BL-54SH,2,6,150,0,0,0,0,0,0,0,0,0,0
Bateria LG K9 BL-45B1F,2,6,200,0,0,0,0,0,0,0,0,0,0
Bateria LG XCAM BL-T23,2,6,350,0,0,0,0,0,0,0,0,0,0
Bateria MOTO G3 FC40,2,6,350,0,0,0,0,0,0,0,0,0,0
Bateria MOTO GE30,2,6,400,0,0,0,0,0,0,0,0,0,0
Bateria ALCATEL CH TLIB5AF,2,6,250,0,0,0,0,0,0,0,0,0,0
Bateria ALCATEL 5054 C9 TLP025A2,2,6,400,0,0,0,0,0,0,0,0,0,0
Bateria ALCATEL 5026 3C ,2,6,400,0,0,0,0,0,0,0,0,0,0
Bateria NOKIA 5,2,6,350,0,0,0,0,0,0,0,0,0,0
Bateria HUAWEI P9 LITE,2,6,350,0,0,0,0,0,0,0,0,0,0
Bateria HISENSE L675,2,6,250,0,0,0,0,0,0,0,0,0,0
Bateria HISENSE H40 lite,2,6,400,0,0,0,0,0,1,0,0,0,0
Bateria HISENSE F23,2,6,250,0,0,0,0,0,0,0,0,0,0
Bateria STF FRACTAL,2,6,250,0,0,0,0,0,0,0,0,0,0
Bateria IPHONE 5,2,6,300,0,0,0,0,0,0,0,0,0,0
Bateria LENOVO A210,2,6,130,0,0,0,0,0,0,0,0,0,0
Funda 360 difuminado Xiaomi note 9s,3,6,180,0,0,0,0,0,0,0,0,0,0
Funda 360 3 piezas Xiaomi note 9s,3,6,180,0,0,0,0,0,0,0,1,0,0
Funda 360 2 piezas Huawei Y7P,3,6,180,0,0,0,0,4,1,0,0,0,0
Uso rudo Huawei Y7p,3,6,180,0,0,0,0,0,0,0,0,0,0
Funda 360 2 piezas Huawei P30 lite,3,6,180,0,0,0,0,1,0,0,0,0,0
Uso rudo Huawei P30 lite,3,6,180,0,0,0,0,1,1,1,0,0,0
Tipo original Huawei P30 lite,3,6,150,0,0,0,0,1,0,0,0,0,0
Funda 360 2 piezas Huawei Y9 2019,3,6,180,0,0,0,0,2,0,0,0,0,0
Funda 360 difuminado Huawei Y9 2019,3,6,180,0,0,0,0,3,0,0,0,0,0
Funda 360 2 piezas Huawei Y9s Y9 prime,3,6,180,0,0,0,0,1,0,0,1,0,0
Acrigel Huawei Nova 5T ,3,6,130,0,0,0,0,2,0,0,0,0,0
Case anillo Huawei Y70,3,6,180,0,0,0,0,1,0,0,0,0,0
Funda 360 Huawei Nova 360,3,6,180,0,0,0,0,1,0,0,0,0,0
Acrigel Xiaomi Redmi note 11 y 11T pro,3,6,130,0,0,0,0,1,0,0,1,0,0
Tipo original Xiaomi Redmi note 11 y 11s,3,6,150,0,0,0,0,2,0,0,0,0,0
Acrigel Xiaomi Redmi note 11 y 11s,3,6,130,0,0,0,0,1,2,0,1,0,0
Funda 360 difuminado Xiaomi note 11s,3,6,180,0,0,0,0,2,0,0,0,0,0
Uso rudo Xiaomi note 9A,3,6,180,0,0,0,0,1,0,0,0,0,0
Case anillo Xiaomi Redmi 9a,3,6,180,0,0,0,0,1,2,0,0,0,0
Funda 360 difuminado Xiaomi note 9a,3,6,180,0,0,0,0,3,0,0,1,0,0
Tipo original Xiaomi Redmi 10,3,6,150,0,0,0,0,1,1,0,0,0,0
Funda 360 difuminado Xiaomi note 10a,3,6,180,0,0,0,0,1,0,0,0,0,0
Funda 360 dise�o Xiaomi redmi note 9c,3,6,180,0,0,0,0,1,0,4,0,0,0
Uso rudo Huawei Y9s,3,6,180,0,0,0,0,2,0,0,0,0,0
Tipo original Huawei Honor x8,3,6,150,0,0,0,0,2,2,0,1,0,0
Case anillo Huawei Honor X7,3,6,180,0,0,0,0,1,0,0,0,0,0
Tipo original Huawei Y9 PRIME,3,6,150,0,0,0,0,1,0,0,0,0,0
Funda 360 3 piezas dise�o Huawei Y9 prime,3,6,180,0,0,0,0,1,0,1,0,0,0
Case anillo ZTE A5 2020,3,6,180,0,0,0,0,1,0,0,0,0,0
Uso rudo ZTE Y5 2020,3,6,180,0,0,0,0,1,0,0,0,0,0
Tipo original ZTE Blade A71,3,6,150,0,0,0,0,1,0,0,0,0,0
Tipo original ZTE V10 VITA,3,6,150,0,0,0,0,2,0,0,0,0,0
Uso rudo ZTE L210,3,6,180,0,0,0,0,1,2,0,0,0,0
Uso rudo LG K51S,3,6,180,0,0,0,0,2,1,0,0,0,0
Case anillo LG L6,3,6,180,0,0,0,0,2,0,0,0,0,0
Funda 360 2 piezas Oppo A72,3,6,180,0,0,0,0,2,0,2,0,0,0
Funda 360 dise�o Oppo Reno 7 4g,3,6,180,0,0,0,0,1,0,0,0,0,0
Acrigel Oppo A16,3,6,130,0,0,0,0,1,1,0,0,0,0
Funda 360 dise�o Oppo A17,3,6,180,0,0,0,0,1,0,0,0,0,0
Funda 360 difuminado iPhone 6 7 y 8,3,6,180,0,0,0,0,2,0,0,0,0,0
Funda 360 difuminado iPhone 6 7 y 8 plus,3,6,180,0,0,0,0,3,0,0,0,0,0
Funda 360 difuminado iPhone X XS,3,6,180,0,0,0,0,3,1,0,4,0,0
Case mate iPhone 6 7 Y 8 Plus,3,6,180,0,0,0,0,3,0,0,3,0,0
Funda 360 difuminado iPhone 11,3,6,180,0,0,0,0,3,0,0,0,0,0
Case mate iPhone 11,3,6,180,0,0,0,0,1,0,0,1,0,0
Case anillo iPhone 12,3,6,180,0,0,0,0,1,0,0,0,0,0
Case anillo iPhone 12 pro,3,6,180,0,0,0,0,2,0,0,0,0,0
Funda 360 difuminado iPhone 12 pro max,3,6,180,0,0,0,0,0,0,0,0,0,0
Funda 360 2 piezas iPhone 11 pro,3,6,180,0,0,0,0,1,2,0,0,0,0
Case anillo iPhone 11 pro max,3,6,180,0,0,0,0,2,0,0,0,0,0
Funda 360 difuminado iPhone 11 pro max,3,6,180,0,0,0,0,1,0,0,5,0,0
Tipo original iPhone 14,3,6,150,0,0,0,0,2,0,0,0,0,0
Tipo original iPhone 14 pro,3,6,150,0,0,0,0,1,0,0,0,0,0
Tipo original iPhone 14 pro max,3,6,150,0,0,0,0,1,0,0,0,0,0
Tipo original MOTO P30 PLAY,3,6,150,0,0,0,0,2,0,0,0,0,0
Case anillo MOTO E7 2020,3,6,180,0,0,0,0,1,0,0,0,0,0
Tipo original MOTO E4,3,6,150,0,0,0,0,1,0,0,0,0,0
Acrigel Moto E6 plus,3,6,130,0,0,0,0,1,0,0,1,0,0
Uso rudo MOTO E6 2020,3,6,180,0,0,0,0,2,0,0,0,0,0
Case anillo MOTO E7 power E7i power,3,6,180,0,0,0,0,1,1,0,2,0,0
Funda 360 difuminado MOTO E7 power,3,6,180,0,0,0,0,1,0,0,0,0,0
Acrigel Moto one fusion plus,3,6,130,0,0,0,0,1,0,0,0,0,0
Case anillo MOTO G9 play,3,6,180,0,0,0,0,1,0,0,0,0,0
Tipo original MOTO G8 power lite,3,6,150,0,0,0,0,1,0,0,0,0,0
Uso rudo Moto G8 power lite,3,6,180,0,0,0,0,1,0,0,0,0,0
Tipo original Moto G9 plus,3,6,150,0,0,0,0,2,1,2,0,0,0
Tipo original Moto G8 play,3,6,150,0,0,0,0,1,0,2,0,0,0
Case anillo MOTO G31 G41,3,6,180,0,0,0,0,2,0,0,0,0,0
Acrigel Moto E20,3,6,130,0,0,0,0,1,0,0,0,0,0
Case anillo MOTO E20,3,6,180,0,0,0,0,2,0,0,1,0,0
Funda 360 difuminado MOTO E20 E40,3,6,180,0,0,0,0,1,0,0,0,0,0
Funda 360 difuminado MOTO E32 E32s G22,3,6,180,0,0,0,0,4,0,2,0,0,0
Funda 360 difuminado MOTO G 5g,3,6,180,0,0,0,0,1,0,0,0,0,0
Acrigel MOTO G52,3,6,130,0,0,0,0,1,0,0,1,0,0
Uso rudo Samsung A31,3,6,180,0,0,0,0,2,0,0,0,0,0
Tipo original iPhone 13 ,3,6,150,0,0,0,0,2,0,0,0,0,0
Funda 360 3 piezas iPhone 13 pro ,3,6,180,0,0,0,0,1,0,0,0,0,0
Funda 360 dise�o iPhone 13 pro,3,6,180,0,0,0,0,1,0,0,0,0,0
Funda 360 3 piezas iPhone 13 pro max,3,6,180,0,0,0,0,1,0,0,0,0,0
Funda 360 2 piezas Samsung A02s A03s,3,6,180,0,0,0,0,2,0,2,1,0,0
Funda 360 dise�o Samsung A02s,3,6,180,0,0,0,0,3,0,0,0,0,0
Case anillo Samsung A02s A03s,3,6,180,0,0,0,0,1,2,0,2,0,0
Uso rudo Samsung A02s,3,6,180,0,0,0,0,1,0,0,0,0,0
Case mate Samsung A01,3,6,150,0,0,0,0,3,2,0,10,0,0
Tipo original Samsung J4 prime,3,6,150,0,0,0,0,1,0,0,0,0,0
Acrigel Samsung J4 plus,3,6,130,0,0,0,0,1,0,0,2,0,0
Funda 360 2 piezas Samsung A03s,3,6,180,0,0,0,0,1,0,1,0,0,0
Acrigel Samsung A03s,3,6,130,0,0,0,0,1,0,0,0,0,0
Case anillo Samsung A02,3,6,180,0,0,0,0,1,1,0,0,0,0
Funda 360 2 piezas Samsung A02,3,6,180,0,0,0,0,3,0,0,0,0,0
Funda 360 difuminado Samsung A03 core,3,6,180,0,0,0,0,4,0,2,0,0,0
Tipo original Samsung A04 A04s,3,6,150,0,0,0,0,3,1,0,0,0,0
Funda 360 Samsung A04,3,6,180,0,0,0,0,1,1,0,0,0,0
Case anillo Samsung A04E,3,6,180,0,0,0,0,1,0,0,1,0,0
Case anillo Samsung A10s,3,6,180,0,0,0,0,4,0,0,1,0,0
Funda 360 2 piezas Samsung A10s,3,6,180,0,0,0,0,1,0,0,2,0,0
Funda 360 difuminado Samsung A11,3,6,180,0,0,0,0,1,0,0,0,0,0
Funda 360 difuminado Samsung A12,3,6,180,0,0,0,0,3,0,0,0,0,0
Funda 360 difuminado Samsung A13 4g,3,6,180,0,0,0,0,2,0,1,0,0,0
Uso rudo Samsung A13 5g,3,6,180,0,0,0,0,1,0,0,0,0,0
Uso rudo Samsung A22,3,6,180,0,0,0,0,1,0,0,0,0,0
Tipo original Samsung A22 ,3,6,180,0,0,0,0,1,0,0,5,0,0
Funda 360 2 piezas Samsung A22 4g,3,6,180,0,0,0,0,1,0,2,1,0,0
Funda 360 2 piezas Samsung A23 5g,3,6,180,0,0,0,0,1,0,0,0,0,0
Funda 360 difuminado Samsung A32 4g,3,6,180,0,0,0,0,2,0,0,0,0,0
Funda 360 difuminado Samsung A33 5g,3,6,180,0,0,0,0,1,0,0,0,0,0
Tipo original Samsung A33 5g,3,6,150,0,0,0,0,1,0,0,0,0,0
Uso rudo Samsung A54 5g,3,6,180,0,0,0,0,1,1,8,0,0,0
Funda 360 2 piezas Samsung A34,3,6,180,0,0,0,0,1,0,0,0,0,0
Acrigel con soporte Samsung A34,3,6,180,0,0,0,0,1,0,0,0,0,0
Acrigel Samsung A20s,3,6,130,0,0,0,0,1,0,0,0,0,0
Funda dise�o Samsung A21s,3,6,180,0,0,0,0,1,0,0,1,0,0
Funda 360 difuminado Samsung A21s,3,6,180,0,0,0,0,1,0,0,0,0,0
Uso rudo Samsung A20 a30 ,3,6,180,0,0,0,0,2,0,0,0,0,0
Funda 360 difuminado Samsung A53 5g,3,6,180,0,0,0,0,3,0,3,0,0,0
Funda 360 difuminado Samsung S11e S20,3,6,180,0,0,0,0,2,0,0,0,0,0
Uso rudo Samsung S20 ultra,3,6,180,0,0,0,0,1,0,0,0,0,0
Tipo original Samsung A71,3,6,180,0,0,0,0,1,0,0,0,0,0
Acrigel Samsung Note 9,3,6,130,0,0,0,0,1,0,0,0,0,0
Funda dise�o Samsung A80,3,6,180,0,0,0,0,1,0,0,0,0,0
Robot Poco X3,3,6,130,0,0,0,0,1,0,0,0,0,0
Robot ZTE Blade V10,3,6,130,0,0,0,0,0,1,0,2,0,0
Robot ZTE Blade V30 vita,3,6,130,0,0,0,0,0,1,0,1,0,0
Robot ZTE Blade V20 smart,3,6,130,0,0,0,0,0,1,0,0,0,0
Robot ZTE L130 2019,3,6,130,0,0,0,0,2,1,0,0,0,0
Robot ZTE A51,3,6,130,0,0,0,0,1,0,0,0,0,0
Robot ZTE L8,3,6,130,0,0,0,0,1,1,0,0,0,0
Robot Lanix M1,3,6,130,0,0,0,0,1,0,0,0,0,0
Robot Lanix M5,3,6,130,0,0,0,0,1,0,0,0,0,0
Robot Lanix B2,3,6,130,0,0,0,0,1,0,0,0,0,0
Bocina MS1907BT,2,6,300,0,0,0,2,0,0,0,0,0,0
Bocina MS1921BT,1,6,280,0,0,0,2,1,1,0,0,0,0
Bocina MS2003BT,7,6,450,0,0,0,1,1,0,0,0,0,0
Bocina MS2004BT,7,6,450,0,0,0,1,0,2,0,0,0,0
Bocina BQ7618 4P,1,6,300,0,0,0,4,2,2,0,1,0,0
Bocina portable speaker LYBS07,1,6,180,0,0,0,3,0,0,0,0,0,0
Bocina MS1716BT,1,6,200,0,0,0,2,1,1,0,1,0,0
Bocina KARAOKE QS828,1,6,550,0,0,0,0,1,1,0,0,0,0
Funda de lona universa 6.5P,3,6,150,0,0,0,0,1,0,0,2,0,0
TPU universal para tablet 7 y 8P,3,6,180,0,0,0,0,1,0,0,0,0,0
Funda de lona economica G530,3,6,100,0,0,0,0,0,0,5,0,0,0
Cable VGA 1.5M ,2,6,80,0,0,0,0,3,0,0,3,0,0
Teclado Acteck INSPIRE TA210,1,6,170,0,0,0,0,1,1,0,0,0,0
Teclado Acteck Inalambrico INSPIRE TI215,1,6,250,0,0,0,0,1,0,0,0,0,0
Teclado verbatim con mouse,1,6,300,0,0,0,0,0,0,0,0,0,0
Memoria micro sd KINGSTON 64GB ,2,4,180,0,0,0,0,1,1,0,2,0,0
Cargador Moreka 2 puertos M168,2,6,60,0,0,0,0,6,0,0,2,0,0
Cubo Ridgeway 2.4A CHA21,2,6,60,0,0,0,0,2,0,0,3,0,0
Cubo Travel 3 puertos usb,2,6,100,0,0,0,0,4,2,0,0,0,0
Manos libres Tipo original iPhone A1748,2,6,220,0,0,0,0,2,3,3,2,0,0
Manos libres alambricos Moreka M803,2,6,50,0,0,0,0,11,0,0,10,0,0
Manos libres alambricos HIFI MUSIC,2,6,100,0,0,0,0,6,1,19,7,0,0
Manos libres inalambricos tipo original Samsung ,2,6,350,0,0,0,0,1,1,0,0,0,0
Manos libres inalambricos SKULLCANDY MJ670,2,6,180,0,0,0,0,1,0,0,0,0,0
Manos libres inalambricos Bose Beats Samsung Moto,2,6,200,0,0,0,0,3,3,0,0,0,0
Bocina MS1908BT,1,6,300,0,0,0,0,1,1,0,1,0,0
Bocina MS2658BT,1,6,300,0,0,0,0,1,1,0,1,0,0
Bocina MS2215BT,1,6,200,0,0,0,0,2,2,0,2,0,0
Bocina MS2206BT,1,6,170,0,0,0,0,2,0,0,2,0,0
Bocina 1Hora inalambrica BOC060,2,1,350,0,0,0,0,1,0,0,0,0,0
Celular MOTO E20,7,6,2400,0,0,0,0,1,1,0,0,0,0
Bocina MS2005BT,7,6,450,0,0,0,0,1,0,0,0,0,0
Diadema inalambrica Stelau B20,2,6,400,0,0,0,0,3,1,1,1,0,0
Baston selfie,2,6,70,0,0,0,0,2,0,0,0,0,0
Soporte bicicleta PHONE HOLDER,2,6,130,0,0,0,0,1,0,0,0,0,0
Soporte Car Mount magnetico,2,6,180,0,0,0,0,1,0,0,0,0,0
Mica 9H LG Bello 2,4,6,50,0,0,0,0,0,1,0,0,0,0
Mica 9H LG Xstyle,4,6,50,0,0,0,0,0,1,0,1,0,0
Mica 9H LG Q Stylus,4,6,50,0,0,0,0,0,2,0,0,0,0
Mica 9H LG Q 6,4,6,50,0,0,0,0,0,1,0,0,0,0
Mica 9H ZTE A3 2019,4,6,50,0,0,0,0,0,1,0,0,0,0
Mica 9H Alcatel A3 XL,4,6,50,0,0,0,0,0,1,0,0,0,0
Mica 9h Samsung Note 5,4,6,50,0,0,0,0,0,1,0,1,0,0
Mica 9h Samsung Note 2,4,6,50,0,0,0,0,0,1,0,0,0,0
Mica 9h Sony C4,4,6,50,0,0,0,0,0,1,1,0,0,0
Mica 9h Sony C5 ultra,4,6,50,0,0,0,0,0,2,1,0,0,0
Mica 9h Sony E5,4,6,50,0,0,0,0,0,1,1,0,0,0
Mica 9h Sony XA1,4,6,50,0,0,0,0,0,2,2,1,0,0
Mica 9h Sony XA2,4,6,50,0,0,0,0,0,2,0,2,0,0
Mica 9H Hisense F22 F23,4,6,50,0,0,0,0,0,2,0,0,0,0
Mica 9H M4 4056,4,6,50,0,0,0,0,0,1,0,0,0,0
Mica 9D Xiaomi Poco X3,4,6,110,0,0,0,0,0,1,0,0,0,0
Mica 9D Realme c21,4,6,110,0,0,0,0,0,1,0,0,0,0
Mica 9D Huawei P30,4,6,110,0,0,0,0,0,1,0,1,0,0
Mica 9D Huawei P30 lite,4,6,110,0,0,0,0,0,2,0,0,0,0
Mica 9D Xiaomi Redmi 10c,4,6,110,0,0,0,0,0,1,0,0,0,0
Mica 9D Xiaomi redmi 11 4g,4,6,110,0,0,0,0,0,1,0,0,0,0
Mica 9D MOTO X4,4,6,110,0,0,0,0,0,1,0,0,0,0
Mica 9D MOTO G8 Power lite G10 G20 G30 G50 E20 E30 E40 G9 G9 play E7 plus,4,6,110,0,0,0,0,0,18,0,3,0,0
Mica 9D MOTO G7 power,4,6,110,0,0,0,0,0,1,0,0,0,0
Mica 9D MOTO E22 E22i E13,4,6,110,0,0,0,0,0,1,0,0,0,0
Mica 9D MOTO E5 y G6 play,4,6,110,0,0,0,0,0,1,0,0,0,0
Mica 9D Samsung J7 pro  J7 prime,4,6,110,0,0,0,0,0,1,2,0,0,0
Mica 9D Samsung Note 10 plus,4,6,110,0,0,0,0,0,1,0,0,0,0
Mica 9D iPhone 6 7 8 plus,4,6,110,0,0,0,0,0,2,0,0,0,0
Mica 9D iPhone X XS 11 pro,4,6,110,0,0,0,0,0,2,5,0,0,0
Mica 9D iPhone 14,4,6,110,0,0,0,0,0,1,0,0,0,0
Cable HDMI a mini HDMI 1.5M,1,6,120,0,0,0,0,0,1,0,0,0,0
Cable auxiliar reforzado 3m,2,6,80,0,0,0,0,0,2,0,0,0,0
Cargador Moreka M1108,2,6,70,0,0,0,0,0,13,0,8,0,0
Diadema inalmbrica Transhine EN6178G,2,6,250,0,0,0,0,0,2,1,1,0,0
Cable KCOM 3 puertos usb SPF30,2,6,150,0,0,0,0,0,1,0,0,0,0
Cargador KCOM DOCK V8,2,6,200,0,0,0,0,0,1,4,0,0,0
Cargador KCOM DOCK IPHONE,2,6,180,0,0,0,0,0,1,2,0,0,0
Cable RCA 3 a 3.5mm ,7,6,60,0,0,0,0,0,1,0,5,0,0
Bateria IPHONE SE,2,6,400,0,0,0,0,0,1,0,0,0,0
Diadema inalmbrica Transhine EN6179G,2,6,390,0,0,0,0,0,1,0,1,0,0
Transmisor inalambrico TRANSHINE economico,2,6,130,0,0,0,0,0,2,0,4,0,0
Convertidor de audio tipo C a 3.5mm VO5701,2,6,180,0,0,0,0,0,1,0,0,0,0
Robot iPhone X XS,3,6,130,0,0,0,0,0,2,0,0,0,0
Robot iPhone 11 PRO,3,6,130,0,0,0,0,0,2,0,0,0,0
Robot iPhone 11 PRO MAX,3,6,130,0,0,0,0,0,1,0,0,0,0
Robot iPhone 7 8 PLUS,3,6,130,0,0,0,0,0,2,0,4,0,0
Robot iPhone 6 PLUS,3,6,130,0,0,0,0,0,1,1,0,0,0
Robot Xiaomi Redmi 9,3,6,130,0,0,0,0,0,1,0,0,0,0
Robot Xiaomi note 5G,3,6,130,0,0,0,0,0,1,0,0,0,0
Robot Xiaomi Mi 11 lite,3,6,130,0,0,0,0,0,1,1,0,0,0
Robot Xiaomi Redmi note 9,3,6,130,0,0,0,0,0,1,1,1,0,0
Robot Xiaomi note 5a,3,6,130,0,0,0,0,0,1,0,0,0,0
Robot Xiaomi redmi 5 plus,3,6,130,0,0,0,0,0,1,0,0,0,0
Robot ZTE A7s,3,6,130,0,0,0,0,0,1,0,0,0,0
Robot ZTE L7A,3,6,130,0,0,0,0,0,1,0,1,0,0
Robot ZTE A2,3,6,130,0,0,0,0,0,1,0,0,0,0
Robot Huawei P9 lite,3,6,130,0,0,0,0,0,1,0,0,0,0
Robot Huawei Nova 4,3,6,130,0,0,0,0,0,1,0,0,0,0
Robot Huawei p smart plus 2019,3,6,130,0,0,0,0,0,1,0,0,0,0
Robot Huawei p smart Z,3,6,130,0,0,0,0,0,1,0,0,0,0
Robot Huawei Y7 2018,3,6,130,0,0,0,0,0,1,0,2,0,0
Robot Moto E22,3,6,130,0,0,0,0,0,1,0,0,0,0
Robot Samsung A02,3,6,130,0,0,0,0,0,2,0,0,0,0
Robot Samsung A01 core,3,6,130,0,0,0,0,0,2,0,1,0,0
Robot Samsung A11,3,6,130,0,0,0,0,0,3,0,0,0,0
Robot Samsung A32 4g,3,6,130,0,0,0,0,0,1,0,1,0,0
Robot Samsung A6 2018,3,6,130,0,0,0,0,0,1,0,1,0,0
Robot Samsung s20 ultra,3,6,130,0,0,0,0,0,2,0,0,0,0
Funda de piel chica,3,6,150,0,0,0,0,0,2,2,0,0,0
Pop socket,2,6,50,0,0,0,0,0,5,10,17,0,0
Mica para tablet TECH PAD T3 10P,4,6,150,0,0,0,0,0,1,0,0,0,0
Botones Samsung prime,5,6,150,0,0,0,0,0,4,0,0,0,0
Auriculares varios ,5,6,180,0,0,0,0,0,7,0,0,0,0
Auriculares iPhone 7 8 plus,5,6,350,0,0,0,0,0,2,0,0,0,0
Flex encendido Samsung a03 core,5,6,300,0,0,0,0,0,1,0,0,0,0
Flex encendido Moto g6 play,5,6,250,0,0,0,0,0,1,0,0,0,0
Flex camara frontal iPhone 8 plus,5,6,450,0,0,0,0,0,1,0,0,0,0
Altavoz Samsung A10s,5,6,250,0,0,0,0,0,1,0,0,0,0
Altavoz Huawei P20 lite,5,6,250,0,0,0,0,0,1,0,2,0,0
Lente camara Xiaomi Poco X3,5,6,300,0,0,0,0,0,1,0,0,0,0
Flexor interconexion Moto G9 power,5,6,250,0,0,0,0,0,0,0,0,0,0
Bocina MS2260BT,1,6,170,0,0,0,0,0,2,0,0,0,0
Bocina MS2201BT,1,6,200,0,0,0,0,0,1,0,0,0,0
Soporte magnetico Transhine KBS027,2,6,130,0,0,0,0,0,1,0,2,0,0
Soporte S022,2,6,150,0,0,0,0,0,1,0,1,0,0
Soporte bicicleta 012,2,6,150,0,0,0,0,0,1,0,1,0,0
Soporte Lazy Bracket,2,6,150,0,0,0,0,0,1,1,7,0,0
Tipo original ONE PLUS N100,3,6,150,0,0,0,0,0,1,2,0,0,0
Tipo original Vivo Y33,3,6,150,0,0,0,0,0,1,0,0,0,0
Funda 360 3 piezas Realme C21,3,6,180,0,0,0,0,0,1,2,0,0,0
Funda 360 3 piezas Oppo Reno 5 lite,3,6,180,0,0,0,0,0,1,0,0,0,0
Funda 360 difuminado Oppo Reno 7 4g,2,6,180,0,0,0,0,0,3,0,0,0,0
Acrigel Oppo Reno 5 lite,3,6,130,0,0,0,0,0,1,0,0,0,0
Acrigel OPPO a72 4g,3,6,130,0,0,0,0,0,1,0,0,0,0
Funda 360 dise�o Oppo A72,3,6,180,0,0,0,0,0,2,0,0,0,0
Funda 360 3 piezas Oppo A57 A77,3,6,180,0,0,0,0,0,1,1,0,0,0
Funda 360 2 piezas Oppo A57 A77,3,6,180,0,0,0,0,0,1,3,0,0,0
Tipo original Oppo A54 ,3,6,150,0,0,0,0,0,1,2,0,0,0
Tipo original Oppo Reno 7 4G,3,6,150,0,0,0,0,0,1,0,0,0,0
Uso rudo Xiaomi Redmi 11 lite,3,6,180,0,0,0,0,0,2,0,0,0,0
Acrigel Xiaomi Redmi Note 10 pro,3,6,130,0,0,0,0,0,2,0,0,0,0
Uso rudo Xiaomi note 10s,3,6,180,0,0,0,0,0,1,0,1,0,0
Uso rudo Xiaomi note 10 pro,3,6,180,0,0,0,0,0,1,0,0,0,0
Funda 360 3 piezas Xiaomi note 10 pro,3,6,180,0,0,0,0,0,1,1,0,0,0
Case anillo Xiaomi redmi note 10 pro,3,6,180,0,0,0,0,0,1,0,1,0,0
Funda 360 2 piezas Xiaomi Redmi note 10 pro,3,6,180,0,0,0,0,0,1,0,0,0,0
Funda 360 2 piezas Xiaomi Redmi 9,3,6,180,0,0,0,0,0,1,0,0,0,0
Uso rudo Xiaomi Redmi 9a,3,6,180,0,0,0,0,0,1,0,0,0,0
Funda dise�o Moto G7 Power,3,6,180,0,0,0,0,0,1,0,0,0,0
Funda 360 2 piezas Moto G styles 2021,3,6,180,0,0,0,0,0,2,0,0,0,0
Acrigel MOTO G7 plus,3,6,130,0,0,0,0,0,1,0,0,0,0
Funda 360 2 piezas Moto G8,3,6,180,0,0,0,0,0,2,0,0,0,0
Funda 360 2 piezas Moto G8 power lite,3,6,180,0,0,0,0,0,3,0,0,0,0
Funda 360 dise�o MOTO G8 power lite,3,6,180,0,0,0,0,0,2,0,0,0,0
Tipo original MOTO G8 power  ,3,6,150,0,0,0,0,0,1,1,0,0,0
Funda 360 dise�o MOTO G9 play,3,6,180,0,0,0,0,0,1,0,0,0,0
Funda 360 2 piezas Moto G9 power ,3,6,180,0,0,0,0,0,1,0,0,0,0
Uso rudo MOTO G9 plus,3,6,180,0,0,0,0,0,1,0,0,0,0
Funda 360 3 piezas MOTO G10 G20 G30,3,6,180,0,0,0,0,0,1,3,1,0,0
Tipo original MOTO G10,3,6,150,0,0,0,0,0,1,0,0,0,0
Case anillo MOTO G10 G20 G30,3,6,180,0,0,0,0,0,2,0,1,0,0
Funda 360 2 piezas Moto G10,3,6,180,0,0,0,0,0,1,0,0,0,0
Funda 360 dise�o MOTO G10,3,6,180,0,0,0,0,0,1,0,0,0,0
Case anillo MOTO G71,3,6,180,0,0,0,0,0,1,0,0,0,0
Funda 360 3 piezas MOTO G60,3,6,180,0,0,0,0,0,2,0,0,0,0
Uso rudo MOTO G50 5g,3,6,180,0,0,0,0,0,1,0,0,0,0
Funda dise�o Moto G50,3,6,180,0,0,0,0,0,2,0,0,0,0
Funda 360 dise�o MOTO E13,3,6,180,0,0,0,0,0,1,0,0,0,0
Funda 360 2 piezas Moto E32,3,6,180,0,0,0,0,0,1,3,0,0,0
Tipo original MOTO E20,3,6,150,0,0,0,0,0,1,0,0,0,0
Case anillo MOTO E40,3,6,180,0,0,0,0,0,2,0,1,0,0
Funda dise�o Huawei mate 20 lite,3,6,180,0,0,0,0,0,1,0,0,0,0
Tipo original Huawei Y6s Y6 2019,3,6,150,0,0,0,0,0,2,0,0,0,0
Tipo original Huawei Y6 pro,3,6,150,0,0,0,0,0,1,0,0,0,0
Funda 360 2 piezas Huawei P20 lite,3,6,180,0,0,0,0,0,1,0,0,0,0
Funda 360 3 piezas Huawei Y8s,3,6,180,0,0,0,0,0,1,0,0,0,0
Funda dise�o Huawei Y9 prime,3,6,180,0,0,0,0,0,1,0,1,0,0
Acrigel iPhone 14 max,3,6,130,0,0,0,0,0,1,0,3,0,0
Funda 360 2 piezas iPhone 14 pro max,3,6,180,0,0,0,0,0,2,0,0,0,0
Acrigel iPhone 14 pro max,3,6,130,0,0,0,0,0,1,0,0,0,0
TPU iPhone 14 pro max,3,6,80,0,0,0,0,0,2,2,0,0,0
Tipo original iPhone 12 12 pro,3,6,150,0,0,0,0,0,1,0,0,0,0
Case mate iPhone 12 y 12 pro,3,6,180,0,0,0,0,0,1,0,0,0,0
Funda 360 2 piezas iPhone 12 y 12 pro,3,6,180,0,0,0,0,0,2,0,0,0,0
Funda 360 difuminado iPhone 11 pro  ,3,6,180,0,0,0,0,0,2,0,0,0,0
Funda 360 3 piezas iPhone 11,3,6,180,0,0,0,0,0,2,0,0,0,0
Uso rudo iPhone 11,3,6,180,0,0,0,0,0,1,0,0,0,0
Funda 360 2 piezas iPhone XR,3,6,180,0,0,0,0,0,1,0,0,0,0
Funda 360 3 piezas iPhone X XS,3,6,180,0,0,0,0,0,1,0,0,0,0
Uso rudo iPhone X Xs,3,6,180,0,0,0,0,0,1,0,0,0,0
Funda 360 3 piezas iPhone 7 8 plus,3,6,180,0,0,0,0,0,1,0,0,0,0
Funda dise�o 3 piezas iPhone 7 8 plus,3,6,180,0,0,0,0,0,1,0,0,0,0
Funda mandala iPhone 7 y 8 plus,3,6,100,0,0,0,0,0,1,0,0,0,0
Tipo original iPhone 7 y 8,3,6,150,0,0,0,0,0,2,0,1,0,0
Funda 360 2 piezas iPhone 6 7 8,3,6,180,0,0,0,0,0,1,0,0,0,0
TPU iPhone 7,3,6,80,0,0,0,0,0,1,0,0,0,0
Case anillo iPhone 7 y 8,3,6,180,0,0,0,0,0,1,0,0,0,0
Funda rezagada iPhone 5,3,6,50,0,0,0,0,0,3,0,0,0,0
Funda rezagada iPhone 6,3,6,50,0,0,0,0,0,2,0,0,0,0
Funda rezagada iPhone 6 plus,3,6,50,0,0,0,0,0,2,0,0,0,0
Acrigel iPhone 6 plus,3,6,130,0,0,0,0,0,2,0,3,0,0
Acrigel iPhone 6 ,3,6,130,0,0,0,0,0,1,0,1,0,0
Funda rezagada Moto C PLUS G G2 G3 G4 G6PLUS Z PLAY E4 ,3,6,50,0,0,0,0,0,12,0,0,0,0
Funda 360 2 piezas Moto ONE FUSION,3,6,180,0,0,0,0,0,1,0,0,0,0
Funda dise�o 3 piezas MOTO E6 PLAY,3,6,180,0,0,0,0,0,1,0,0,0,0
Funda 360 3 piezas MOTO E6 PLAY,3,6,180,0,0,0,0,0,1,0,0,0,0
Funda dise�o Samsung A01 ,3,6,180,0,0,0,0,0,3,0,0,0,0
Funda 360 2 piezas Samsung A01,3,6,180,0,0,0,0,0,1,0,2,0,0
Acrigel Samsung A01,3,6,130,0,0,0,0,0,1,0,0,0,0
Funda dise�o Samsung A01 CORE,3,6,180,0,0,0,0,0,1,0,0,0,0
Funda dise�o Samsung A10,3,6,150,0,0,0,0,0,1,0,0,0,0
Tipo original Samsung A10,3,6,180,0,0,0,0,0,1,0,0,0,0
Case anillo Samsung A24 4G,3,6,180,0,0,0,0,0,3,2,0,0,0
Funda dise�o Samsung A50 A30S A50S,3,6,180,0,0,0,0,0,1,0,0,0,0
Funda 360 3 piezas Samsung A20,3,6,180,0,0,0,0,0,1,0,1,0,0
Funda de piel Kubo,3,6,110,0,0,0,0,0,0,5,0,0,0
Adaptador de audio tipo C a 3.5mm transhine,2,6,180,0,0,0,0,0,0,1,1,0,0
Adaptador de audio PC,1,6,100,0,0,0,0,0,0,1,0,0,0
Funda 360 difuminado Samsung A025,3,6,180,0,0,0,0,0,1,0,0,0,0
Tipo original Samsung A02,3,6,150,0,0,0,0,0,2,0,0,0,0
Uso rudo Samsung A04e ,3,6,180,0,0,0,0,0,1,3,0,0,0
Funda 360 3 piezas Samsung A02s A03s,3,6,180,0,0,0,0,0,2,0,1,0,0
Acrigel con soporte Samsung A04e,3,6,180,0,0,0,0,0,1,1,1,0,0
Uso rudo Samsung A03 core,3,6,180,0,0,0,0,0,2,5,0,0,0
Case anillo Samsung A34,3,6,180,0,0,0,0,0,1,0,0,0,0
Funda 360 3 piezas Samsung A21s,3,6,180,0,0,0,0,0,1,0,1,0,0
Funda dise�o Samsung A51,3,6,180,0,0,0,0,0,1,0,0,0,0
Funda dise�o Samsung A31,3,6,180,0,0,0,0,0,1,0,0,0,0
Case mate Samsung A52s,3,6,180,0,0,0,0,0,2,0,0,0,0
Tipo original Samsung A52s,3,6,150,0,0,0,0,0,1,0,0,0,0
Case anillo Samsung A52 A52S A52 5G A52 4G,3,6,180,0,0,0,0,0,2,1,0,0,0
Uso rudo Samsung A52 A52S A52 5G A52 4G,3,6,180,0,0,0,0,0,1,0,0,0,0
Tipo original samsung A53 5g,3,6,130,0,0,0,0,0,1,2,0,0,0
Uso rudo Samsung A22 5g,3,6,180,0,0,0,0,0,1,0,0,0,0
Case anillo Samsung A23 4g,3,6,180,0,0,0,0,0,1,0,2,0,0
Acrigel Samsung A23 4g,3,6,130,0,0,0,0,0,1,0,0,0,0
Tipo original Samsung A32 4g,3,6,150,0,0,0,0,0,1,0,0,0,0
Funda 360 3 piezas Samsung A32 4g,3,6,180,0,0,0,0,0,1,0,0,0,0
Funda 360 2 piezas dise�o Samsung A32 4g,3,6,180,0,0,0,0,0,1,0,0,0,0
Uso rudo Samsung A33 5g,3,6,180,0,0,0,0,0,2,0,0,0,0
Case mate Samsung J6 plus,3,6,180,0,0,0,0,0,1,0,0,0,0
Acrigel Samsung S21 FE,3,6,130,0,0,0,0,0,1,0,0,0,0
Case anillo Samsung J7,3,6,180,0,0,0,0,0,1,0,0,0,0
Tipo original Samsung A70,3,6,180,0,0,0,0,0,2,0,0,0,0
Case mate Samsung A80,3,6,180,0,0,0,0,0,1,0,0,0,0
Uso rudo Samsung A03 lite,3,6,180,0,0,0,0,0,2,0,0,0,0
Funda dise�o Samsung A7s,3,6,180,0,0,0,0,0,2,0,0,0,0
Case anillo ZTE Blade V20 smart,3,6,180,0,0,0,0,0,2,0,0,0,0
Tipo original ZTE A7 2020,3,6,150,0,0,0,0,0,1,0,0,0,0
Acrigel LG k51s,3,6,130,0,0,0,0,0,1,0,0,0,0
Robot Moto ONE   ,3,6,130,0,0,0,0,0,0,1,0,0,0
Robot iPhone 11,3,6,130,0,0,0,0,0,0,1,1,0,0
Robot Huawei Y5 2018,3,6,130,0,0,0,0,0,0,2,0,0,0
Funda 360 3 piezas MOTO E20,3,6,180,0,0,0,0,0,0,1,0,0,0
Funda 360 2 piezas MOTO E22 E22i,3,6,180,0,0,0,0,0,0,3,0,0,0
Funda 360 dise�o MOTO G8 power  ,3,6,180,0,0,0,0,0,0,1,0,0,0
Funda 360 3 piezas MOTO G power,3,6,180,0,0,0,0,0,0,2,0,0,0
Tipo original MOTO G power,3,6,150,0,0,0,0,0,0,1,0,0,0
Funda 360 2 piezas MOTO G9 play,3,6,180,0,0,0,0,0,0,3,0,0,0
Funda 360 3 piezas MOTO G50,3,6,180,0,0,0,0,0,0,3,3,0,0
Funda 360 2 piezas MOTO G72,3,6,180,0,0,0,0,0,0,4,0,0,0
Funda 360 2 piezas MOTO G53,3,6,180,0,0,0,0,0,0,2,0,0,0
Funda 360 2 piezas MOTO G60s,3,6,180,0,0,0,0,0,0,2,0,0,0
TPU Huawei Y7 2019,3,6,80,0,0,0,0,0,0,2,0,0,0
Funda 360 2 piezas UAWEI Honor X9,3,6,180,0,0,0,0,0,0,2,0,0,0
Uso rudo Huawei Honor x8,3,6,180,0,0,0,0,0,0,2,0,0,0
Funda 360 3 pz Huawei Honor X7a,3,6,180,0,0,0,0,0,0,3,0,0,0
Uso rudo Huawei Nova X7,3,6,180,0,0,0,0,0,0,3,0,0,0
Funda dise�o Huawei P smart,3,6,180,0,0,0,0,0,0,1,0,0,0
Funda 360 3 piezas Xiaomi Redmi 9a,3,6,180,0,0,0,0,0,0,1,0,0,0
Funda 360 2 piezas Xiaomi Redmi A1,3,6,180,0,0,0,0,0,0,3,0,0,0
Funda 360 2 piezas dise�o Xiaomi redmi note 9,3,6,180,0,0,0,0,0,0,2,0,0,0
Funda 360 2 piezas OPPO Reno 6 lite,3,6,180,0,0,0,0,0,0,3,0,0,0
Uso rudo Oppo Reno 5 lite,3,6,180,0,0,0,0,0,0,1,0,0,0
Funda 360 2 piezas con dise�o Oppo Reno 7 4g,3,6,180,0,0,0,0,0,0,1,0,0,0
Uso rudo OPPO A57,3,6,180,0,0,0,0,0,0,2,0,0,0
Uso rudo Vivo Y33,3,6,180,0,0,0,0,0,0,3,0,0,0
so rudo Vivo Y15s,3,6,180,0,0,0,0,0,0,3,0,0,0
Tipo original cristal samsung A53 5g,3,6,200,0,0,0,0,0,0,1,0,0,0
Funda 360 2 piezas Samsung M51,3,6,180,0,0,0,0,0,0,1,0,0,0
Funda 360 2 piezas Samsung M31,3,6,180,0,0,0,0,0,0,1,0,0,0
Case 360 2 piezas Samsung a24 4g,3,6,180,0,0,0,0,0,0,3,0,0,0
Funda 360 2 piezas Samsung A21,3,6,180,0,0,0,0,0,0,1,0,0,0
Uso rudo Samsung A14 5g,3,6,180,0,0,0,0,0,0,3,0,0,0
Mica de privacidad Samsung A31,4,6,180,0,0,0,0,0,0,2,0,0,0
Mica de privacidad iPhone 7g 8g,4,6,180,0,0,0,0,0,0,2,0,0,0
Mica de privacidad Xiaomi Redmi 7 ,4,6,180,0,0,0,0,0,0,1,0,0,0
Mica 9D iPhone 12 6.7,4,6,110,0,0,0,0,0,0,4,0,0,0
Mica 9D Samsung Note 20 ultra,4,6,110,0,0,0,0,0,0,1,0,0,0
Mica 9D Samsung J4 plus,4,6,110,0,0,0,0,0,0,1,0,0,0
Mica 9D Samsung J7,4,6,110,0,0,0,0,0,0,2,0,0,0
Mica 9D Samsung J7 back,4,6,110,0,0,0,0,0,0,1,0,0,0
Mica 9D Samsung A5 2017,4,6,110,0,0,0,0,0,0,1,0,0,0
Mica 9H Universal 5.7P,4,6,50,0,0,0,0,0,0,1,0,0,0
Mica 9H Xiaomi MI A2,4,6,50,0,0,0,0,0,0,8,0,0,0
Mica 9H Xiaomi Redmi Note 8 pro,4,6,50,0,0,0,0,0,0,1,1,0,0
Mica 9H ZTE V2020 Smart,4,6,50,0,0,0,0,0,0,4,0,0,0
Mica 9h Sony XZ,4,6,50,0,0,0,0,0,0,1,0,0,0
Mica 9h Sony Z4,4,6,50,0,0,0,0,0,0,1,0,0,0
Mica 9H Lanix X610,4,6,50,0,0,0,0,0,0,1,0,0,0
Cable 1Hora V8 2.4a  ,2,1,80,0,0,0,0,0,0,3,0,0,0
Uso rudo Oppo Reno 5 lite ,3,6,180,0,0,0,0,0,0,2,0,0,0
Acrigel con soporte Huawei Honor X7a,3,6,180,0,0,0,0,0,0,2,0,0,0
Chip Bait,1,6,50,0,0,0,0,0,0,2,0,0,0
Cable tipo C a tipo C,2,6,120,0,0,0,0,0,0,38,0,0,0
Cristal de camara iPhone 12,2,6,200,0,0,0,0,0,0,1,0,0,0
Cristal de camara iPhone 11 pro 11 pro max,2,6,200,0,0,0,0,0,0,1,0,0,0
Robot Moto G7 Power,3,6,130,0,0,0,0,0,0,0,1,0,0
Robot Moto G8 ,3,6,130,0,0,0,0,0,0,0,2,0,0
Robot Moto C,3,6,130,0,0,0,0,0,0,0,1,0,0
Mica 9D Moto G7 power,3,6,110,0,0,0,0,0,0,0,1,0,0
Mica 9H MOTO G6 ,4,6,50,0,0,0,0,0,0,0,2,0,0
Mica 9H Huawei P8 lite,4,6,50,0,0,0,0,0,0,0,1,0,0
Mica 9H Huawei Mate 10 lite,4,6,50,0,0,0,0,0,0,0,3,0,0
Mica 9H ZTE V ultra,4,6,50,0,0,0,0,0,0,0,5,0,0
Mica 9H LG K9 2018,4,6,50,0,0,0,0,0,0,0,2,0,0
Mica 9H LG k5,4,6,50,0,0,0,0,0,0,0,1,0,0
Mica 9H LG Style 4,4,6,50,0,0,0,0,0,0,0,1,0,0
Mica 9h Sony XA ultra,4,6,50,0,0,0,0,0,0,0,1,0,0
Mica 9H LG k10 2017,4,6,50,0,0,0,0,0,0,0,4,0,0
Mica 9H Alcatel 8052,4,6,50,0,0,0,0,0,0,0,2,0,0
Diadema inalambrica Moreka ST28,2,6,180,0,0,0,0,0,0,0,1,0,0
Manos libres inalambricos Transhine Y05,2,6,90,0,0,0,0,0,0,0,1,0,0
Diadema inalmbrica Y08,2,6,160,0,0,0,0,0,0,0,1,0,0
Manos libres alambricos Moreka ONE 003,2,6,80,0,0,0,0,0,0,0,5,0,0
Manos libres alambricos EM56,2,6,100,0,0,0,0,0,0,0,10,0,0
Teclado ACTECK Estandar,1,6,200,0,0,0,0,0,0,0,1,0,0
Mouse inalambrico Acteck R100,1,2,250,0,0,0,0,0,0,0,1,0,0
Cable tipo C Jelly,1,6,120,0,0,0,0,0,0,0,5,0,0
Cargador KCOM Turbo carga 2.4A,2,6,150,0,0,0,0,0,0,0,5,0,0
Cargador KCOM Turbo carga 3A,2,6,220,0,0,0,0,0,0,0,1,0,0
Cargador 1Hora doble v8 2.4A GAR074,2,1,150,0,0,0,0,0,0,0,1,0,0
Cargador 1Hora doble v8 2.4A GAR074 sin cable,2,1,90,0,0,0,0,0,0,0,1,0,0
Cargador moreka D4,2,6,200,0,0,0,0,0,0,0,3,0,0
Cargador moreka TA300,2,6,180,0,0,0,0,0,0,0,0,0,0
Bocina MS2202BT,1,6,170,0,0,0,0,0,0,0,1,0,0
Bocina MS206BT,1,6,450,0,0,0,0,0,0,0,1,0,0
Bocina MS204BT,1,6,420,0,0,0,0,0,0,0,1,0,0
Bocina QS827,1,6,550,0,0,0,0,0,0,0,1,0,0
Bocina BS506,1,6,180,0,0,0,0,0,0,0,4,0,0
Soporte pinza SH3098,2,6,160,0,0,0,0,0,0,0,1,0,0
Soporte Car Mount clima,2,6,60,0,0,0,0,0,0,0,2,0,0
Acrigel MOTO G9 play,3,6,130,0,0,0,0,0,0,2,0,0,0
Case anillo MOTO E7 plus,3,6,180,0,0,0,0,0,0,3,2,0,0
Funda 360 difuminado Samsung A14 4g 5g,3,6,180,0,0,0,0,0,0,1,0,0,0
Funda 360 3 piezas Samsung A14 4g 5g,3,6,180,0,0,0,0,0,0,3,0,0,0
Case anillo samsung A14 5g,3,6,180,0,0,0,0,0,0,3,2,0,0
Funda 360 3 piezas iphone 7 plus,3,6,180,0,0,0,0,0,0,0,1,0,0
Funda 360 2 piezas iphone 7 PLUS,4,6,180,0,0,0,0,0,0,0,1,0,0
Uso rudo iPhone 7 8 PLUS,3,6,180,0,0,0,0,0,0,0,1,0,0
Funda dise�o iPhone 7 PLUS,3,6,180,0,0,0,0,0,0,0,2,0,0
Funda 360 3 piezas iphone 7,3,6,180,0,0,0,0,0,0,0,4,0,0
Funda 360 2 piezas iphone 7 ,3,6,180,0,0,0,0,0,0,0,2,0,0
Acrigel iPhone 7 ,3,6,130,0,0,0,0,0,0,0,1,0,0
Acrigel iPhone 14 ,3,6,130,0,0,0,0,0,0,0,2,0,0
Funda 360 2 piezas Xiaomi redmi note 9c,3,6,180,0,0,0,0,0,0,0,4,0,0
Acrigel Xiaomi redmi 9A,3,6,130,0,0,0,0,0,0,0,1,0,0
Acrigel Huawei mate 20 lite,3,6,130,0,0,0,0,0,0,0,1,0,0
Funda dise�o alcatel 5028,4,6,180,0,0,0,0,0,0,0,1,0,0
Acrigel Xiaomi Redmi Note 10c,3,6,130,0,0,0,0,0,0,0,1,0,0
Acrigel ZTE L9,3,6,130,0,0,0,0,0,0,0,4,0,0
Acrigel ZTE L210,3,6,130,0,0,0,0,0,0,0,1,0,0
Funda 360 2 piezas OPPO A15,3,6,180,0,0,0,0,0,0,0,1,0,0
Acrigel Poco X3,3,6,130,0,0,0,0,0,0,0,1,0,0
Case anillo Xiaomi redmi note 10s,3,6,180,0,0,0,0,0,0,0,1,0,0
Funda 360 2 piezas Huawei Nova 8,3,6,180,0,0,0,0,0,0,0,3,0,0
Tipo original Huawei P40 lite,3,6,150,0,0,0,0,0,0,0,1,0,0
Funda 360 2 piezas samsung S20 plus,3,6,180,0,0,0,0,0,0,0,1,0,0
Tipo original Samsung A01,3,6,150,0,0,0,0,0,0,0,1,0,0
Funda 360 difuminado Samsung A30,3,6,180,0,0,0,0,0,0,0,1,0,0
Acrigel Samsung A13,3,6,130,0,0,0,0,0,0,0,1,0,0
Acrigel Samsung A22 5g,3,6,130,0,0,0,0,0,0,0,2,0,0
Case anillo Samsung A13,3,6,180,0,0,0,0,0,0,0,2,0,0
Funda 360 3 piezas Samsung A10s,3,6,180,0,0,0,0,0,0,0,1,0,0
Uso rudo Moto E7i power,3,6,180,0,0,0,0,0,0,0,1,0,0
Funda dise�o Samsung A20s,3,6,180,0,0,0,0,0,0,0,1,0,0
Funda 360 3 piezas MOTO E22 E22i,3,6,180,0,0,0,0,0,0,0,1,0,0
Funda dise�o Moto E7 plus,3,6,180,0,0,0,0,0,0,0,1,0,0
Acrigel Moto E7 plus,3,6,130,0,0,0,0,0,0,0,1,0,0
Funda 360 2 piezas Moto E7 plus,3,6,180,0,0,0,0,0,0,0,1,0,0
Uso rudo Samsung E7 plus,3,6,180,0,0,0,0,0,0,0,1,0,0
Funda 360 2 piezas MOTO G10 G20 G30,3,6,180,0,0,0,0,0,0,0,3,0,0
Acrigel Moto E7 power,3,6,130,0,0,0,0,0,0,0,1,0,0
Case anillo MOTO G13,3,6,180,0,0,0,0,0,0,0,1,0,0
Acrigel Moto G7 Power,3,6,130,0,0,0,0,0,0,0,1,0,0
Acrigel MOTO G6 play,3,6,130,0,0,0,0,0,0,0,1,0,0
Uso rudo MOTO G22,3,6,180,0,0,0,0,0,0,0,1,0,0
Tipo original MOTO G7 power,3,6,150,0,0,0,0,0,0,0,1,0,0
Funda 360 2 piezas Moto E7,3,6,180,0,0,0,0,0,0,0,1,0,0
Transmisor inalambrico TRANSHINE ,2,6,180,0,0,0,0,0,0,0,4,0,0